Cluster Alias,Namespace,Kubernetes API Endpoint,Policy Mode,Unique Findings,Image References,Synthetic Vulnerability IDs,Critical,High,Medium,Low,Total,Cloud,Environment,Subscription Alias,K8s Version,Cluster Owner,Security Team,Region,Registry,Resource Group,Scan Date,Remediation SLA (Days),Risk Score,Status,Cluster Owner Email
k8s-orion-pro-11,order-stream,https://api-orion-11.northcentralus.synthetic.invalid,Block,22,registry-orbit.example/order-stream/svc-00:r1; images-horizon.example/order-stream/svc-01:r2; containers-vista.example/order-stream/svc-02:r3; artifacts-pulse.example/order-stream/svc-03:r4,SYN-2026-000137; SYN-2026-000156; SYN-2024-000175; SYN-2026-000194; SYN-2025-000213,17,4,42,17,80,Azure-Sim,Production,SIM-PLATFORM-ALPHA,v1.34.1-sim,John Doe,Cloud Defense,northcentralus,registry-orbit.example,rg-sim-orion-1,2026-07-01,7,63.0,Escalated,john.doe@email.com
k8s-zephyr-pro-12,data-pipeline,https://api-zephyr-12.westcentralus.synthetic.invalid,Audit,161,images-horizon.example/data-pipeline/svc-01:r2; containers-vista.example/data-pipeline/svc-02:r3; artifacts-pulse.example/data-pipeline/svc-03:r4; registry-meridian.example/data-pipeline/svc-04:r5,SYN-2024-000274; SYN-2026-000293,3,34,907,139,1083,AWS-Sim,Production,SIM-DATA-GAMMA,v1.35.2-sim,Scott Smith,Infrastructure Risk,canadacentral,registry-meridian.example,rg-sim-zenith-2,2026-07-02,14,67.8,In Remediation,scott.smith@email.com
k8s-lyra-pro-13,inventory,https://api-lyra-13.canadacentral.synthetic.invalid,Observe,152,containers-vista.example/inventory/svc-02:r3; artifacts-pulse.example/inventory/svc-03:r4; registry-meridian.example/inventory/svc-04:r5; registry-orbit.example/inventory/svc-05:r6,SYN-2025-000411; SYN-2026-000430; SYN-2026-000449; SYN-2024-000468,15,153,806,177,1151,GCP-Sim,Production,SIM-CORE-EPSILON,v1.36.3-sim,Michael Carter,Product Security,japaneast,artifacts-pulse.example,rg-sim-horizon-3,2026-07-03,7,100.0,Escalated,michael.carter@email.com
k8s-solstice-pro-14,payments-core,https://api-solstice-14.uksouth.synthetic.invalid,Block,50,artifacts-pulse.example/payments-core/svc-03:r4; registry-meridian.example/payments-core/svc-04:r5; registry-orbit.example/payments-core/svc-05:r6; images-horizon.example/payments-core/svc-06:r7,SYN-2025-000548; SYN-2026-000567; SYN-2024-000586; SYN-2026-000605; SYN-2025-000624; SYN-2025-000643,1,98,146,94,339,Azure-Sim,Production,SIM-PLATFORM-ALPHA,v1.34.4-sim,Sarah Johnson,Platform Assurance,westcentralus,containers-vista.example,rg-sim-vertex-4,2026-07-04,14,45.1,In Remediation,sarah.johnson@email.com
k8s-aurora-pro-15,edge-router,https://api-aurora-15.japaneast.synthetic.invalid,Audit,102,registry-meridian.example/edge-router/svc-04:r5; registry-orbit.example/edge-router/svc-05:r6; images-horizon.example/edge-router/svc-06:r7; containers-vista.example/edge-router/svc-07:r8,SYN-2025-000685; SYN-2024-000704; SYN-2024-000723,2,21,357,25,405,AWS-Sim,Production,SIM-DATA-GAMMA,v1.35.5-sim,David Thompson,DevSecOps Enablement,uksouth,images-horizon.example,rg-sim-lighthouse-5,2026-07-05,14,32.2,In Remediation,david.thompson@email.com
k8s-vertex-pro-16,reporting,https://api-vertex-16.northcentralus.synthetic.invalid,Observe,7,registry-orbit.example/reporting/svc-05:r6; images-horizon.example/reporting/svc-06:r7; containers-vista.example/reporting/svc-07:r8; artifacts-pulse.example/reporting/svc-08:r9,SYN-2026-000822; SYN-2024-000841,0,15,30,11,56,GCP-Sim,Production,SIM-CORE-EPSILON,v1.36.6-sim,Jennifer Miller,Security Operations,northcentralus,registry-orbit.example,rg-sim-orion-1,2026-07-06,30,6.8,Monitoring,jennifer.miller@email.com
k8s-nebula-pro-17,workflow,https://api-nebula-17.westcentralus.synthetic.invalid,Block,34,images-horizon.example/workflow/svc-06:r7; containers-vista.example/workflow/svc-07:r8; artifacts-pulse.example/workflow/svc-08:r9; registry-meridian.example/workflow/svc-09:r1,SYN-2025-000959; SYN-2024-000978; SYN-2026-000997; SYN-2024-001016,1,12,139,15,167,Azure-Sim,Production,SIM-PLATFORM-ALPHA,v1.34.7-sim,Robert Wilson,Container Engineering,canadacentral,registry-meridian.example,rg-sim-zenith-2,2026-07-07,14,14.6,In Remediation,robert.wilson@email.com
k8s-quasar-pro-11,telemetry,https://api-quasar-11.canadacentral.synthetic.invalid,Audit,83,containers-vista.example/telemetry/svc-07:r8; artifacts-pulse.example/telemetry/svc-08:r9; registry-meridian.example/telemetry/svc-09:r1; registry-orbit.example/telemetry/svc-10:r2,SYN-2025-001096; SYN-2025-001115; SYN-2025-001134; SYN-2026-001153; SYN-2025-001172; SYN-2024-001191,10,49,305,91,455,AWS-Sim,Production,SIM-DATA-GAMMA,v1.35.1-sim,Amanda Parker,Cloud Defense,japaneast,artifacts-pulse.example,rg-sim-horizon-3,2026-07-08,7,67.4,In Remediation,amanda.parker@email.com
k8s-cobalt-pro-12,batch-jobs,https://api-cobalt-12.uksouth.synthetic.invalid,Observe,33,artifacts-pulse.example/batch-jobs/svc-08:r9; registry-meridian.example/batch-jobs/svc-09:r1; registry-orbit.example/batch-jobs/svc-10:r2; images-horizon.example/batch-jobs/svc-11:r3,SYN-2024-001233; SYN-2026-001252; SYN-2025-001271,14,10,96,24,144,GCP-Sim,Production,SIM-CORE-EPSILON,v1.36.2-sim,Daniel Harris,Infrastructure Risk,westcentralus,containers-vista.example,rg-sim-vertex-4,2026-07-09,7,57.3,Escalated,daniel.harris@email.com
k8s-ember-pro-13,platform-tools,https://api-ember-13.japaneast.synthetic.invalid,Block,70,registry-meridian.example/platform-tools/svc-09:r1; registry-orbit.example/platform-tools/svc-10:r2; images-horizon.example/platform-tools/svc-11:r3,SYN-2024-001370; SYN-2026-001389,0,45,193,74,312,Azure-Sim,Production,SIM-PLATFORM-ALPHA,v1.34.3-sim,Melissa Turner,Product Security,uksouth,images-horizon.example,rg-sim-lighthouse-5,2026-07-10,30,25.4,Monitoring,melissa.turner@email.com
k8s-harbor-pro-14,scheduler,https://api-harbor-14.northcentralus.synthetic.invalid,Audit,140,registry-orbit.example/scheduler/svc-10:r2; images-horizon.example/scheduler/svc-11:r3; containers-vista.example/scheduler/svc-12:r4; artifacts-pulse.example/scheduler/svc-13:r5,SYN-2025-001507; SYN-2026-001526; SYN-2024-001545; SYN-2026-001564; SYN-2024-001583; SYN-2025-001602,21,307,354,160,842,AWS-Sim,Production,SIM-DATA-GAMMA,v1.35.4-sim,Christopher Evans,Platform Assurance,northcentralus,registry-orbit.example,rg-sim-orion-1,2026-07-11,7,100.0,Escalated,christopher.evans@email.com
k8s-summit-pro-15,catalog-api,https://api-summit-15.westcentralus.synthetic.invalid,Observe,156,images-horizon.example/catalog-api/svc-11:r3; containers-vista.example/catalog-api/svc-12:r4; artifacts-pulse.example/catalog-api/svc-13:r5; registry-meridian.example/catalog-api/svc-14:r6,SYN-2026-001644; SYN-2024-001663; SYN-2026-001682,11,43,569,14,637,GCP-Sim,Production,SIM-CORE-EPSILON,v1.36.5-sim,Rachel Morgan,DevSecOps Enablement,canadacentral,registry-meridian.example,rg-sim-zenith-2,2026-07-12,7,82.0,In Remediation,rachel.morgan@email.com
k8s-lattice-pro-16,message-bus,https://api-lattice-16.canadacentral.synthetic.invalid,Block,19,containers-vista.example/message-bus/svc-12:r4; artifacts-pulse.example/message-bus/svc-13:r5; registry-meridian.example/message-bus/svc-14:r6; registry-orbit.example/message-bus/svc-15:r7,SYN-2025-001781; SYN-2024-001800,2,32,99,32,165,Azure-Sim,Production,SIM-PLATFORM-ALPHA,v1.34.6-sim,Andrew Collins,Security Operations,japaneast,artifacts-pulse.example,rg-sim-horizon-3,2026-07-13,14,23.1,In Remediation,andrew.collins@email.com
k8s-phoenix-pro-17,customer-api,https://api-phoenix-17.uksouth.synthetic.invalid,Audit,24,artifacts-pulse.example/customer-api/svc-13:r5; registry-meridian.example/customer-api/svc-14:r6; registry-orbit.example/customer-api/svc-15:r7; images-horizon.example/customer-api/svc-16:r8,SYN-2026-001918; SYN-2026-001937,9,52,96,22,179,AWS-Sim,Production,SIM-DATA-GAMMA,v1.35.7-sim,Stephanie Brooks,Container Engineering,westcentralus,containers-vista.example,rg-sim-vertex-4,2026-07-14,14,54.5,In Remediation,stephanie.brooks@email.com
k8s-raven-pro-11,identity-hub,https://api-raven-11.japaneast.synthetic.invalid,Observe,107,registry-meridian.example/identity-hub/svc-14:r6; registry-orbit.example/identity-hub/svc-15:r7; images-horizon.example/identity-hub/svc-16:r8; containers-vista.example/identity-hub/svc-17:r9,SYN-2025-002055; SYN-2025-002074; SYN-2025-002093; SYN-2024-002112; SYN-2024-002131; SYN-2024-002150,16,39,313,41,409,GCP-Sim,Production,SIM-CORE-EPSILON,v1.36.1-sim,Kevin Mitchell,Cloud Defense,uksouth,images-horizon.example,rg-sim-lighthouse-5,2026-07-15,7,85.3,Escalated,kevin.mitchell@email.com
k8s-cedar-pro-12,policy-engine,https://api-cedar-12.northcentralus.synthetic.invalid,Block,121,registry-orbit.example/policy-engine/svc-15:r7; images-horizon.example/policy-engine/svc-16:r8; containers-vista.example/policy-engine/svc-17:r9; artifacts-pulse.example/policy-engine/svc-18:r1,SYN-2024-002192; SYN-2026-002211; SYN-2024-002230; SYN-2024-002249; SYN-2026-002268; SYN-2025-002287,10,186,372,117,685,Azure-Sim,Production,SIM-PLATFORM-ALPHA,v1.34.2-sim,Laura Bennett,Infrastructure Risk,northcentralus,registry-orbit.example,rg-sim-orion-1,2026-07-16,7,100.0,In Remediation,laura.bennett@email.com
k8s-mariner-pro-13,auth-gateway,https://api-mariner-13.westcentralus.synthetic.invalid,Audit,79,images-horizon.example/auth-gateway/svc-16:r8; containers-vista.example/auth-gateway/svc-17:r9; artifacts-pulse.example/auth-gateway/svc-18:r1; registry-meridian.example/auth-gateway/svc-19:r2,SYN-2024-002329; SYN-2026-002348; SYN-2026-002367,10,161,214,47,432,AWS-Sim,Production,SIM-DATA-GAMMA,v1.35.3-sim,Brian Cooper,Product Security,canadacentral,registry-meridian.example,rg-sim-zenith-2,2026-07-17,7,100.0,In Remediation,brian.cooper@email.com
k8s-atlas-pro-14,analytics,https://api-atlas-14.canadacentral.synthetic.invalid,Observe,53,containers-vista.example/analytics/svc-17:r9; artifacts-pulse.example/analytics/svc-18:r1; registry-meridian.example/analytics/svc-19:r2; registry-orbit.example/analytics/svc-20:r3,SYN-2024-002466; SYN-2026-002485; SYN-2024-002504,19,68,129,18,234,GCP-Sim,Production,SIM-CORE-EPSILON,v1.36.4-sim,Nicole Foster,Platform Assurance,japaneast,artifacts-pulse.example,rg-sim-horizon-3,2026-07-18,7,96.8,Escalated,nicole.foster@email.com
k8s-cosmos-pro-15,order-stream,https://api-cosmos-15.uksouth.synthetic.invalid,Block,17,artifacts-pulse.example/order-stream/svc-18:r1; registry-meridian.example/order-stream/svc-19:r2; registry-orbit.example/order-stream/svc-20:r3; images-horizon.example/order-stream/svc-21:r4,SYN-2025-002603; SYN-2026-002622; SYN-2026-002641; SYN-2024-002660; SYN-2026-002679,14,25,95,18,152,Azure-Sim,Production,SIM-PLATFORM-ALPHA,v1.34.5-sim,Jason Reed,DevSecOps Enablement,westcentralus,containers-vista.example,rg-sim-vertex-4,2026-07-19,7,62.5,Escalated,jason.reed@email.com
k8s-vantage-pro-16,data-pipeline,https://api-vantage-16.japaneast.synthetic.invalid,Audit,143,registry-meridian.example/data-pipeline/svc-19:r2; registry-orbit.example/data-pipeline/svc-20:r3; images-horizon.example/data-pipeline/svc-21:r4; containers-vista.example/data-pipeline/svc-22:r5,SYN-2024-002740; SYN-2026-002759; SYN-2026-002778; SYN-2026-002797; SYN-2025-002816; SYN-2025-002835,6,326,651,178,1161,AWS-Sim,Production,SIM-DATA-GAMMA,v1.35.6-sim,Emily Sanders,Security Operations,uksouth,images-horizon.example,rg-sim-lighthouse-5,2026-07-20,14,100.0,In Remediation,emily.sanders@email.com
k8s-orion-sta-17,inventory,https://api-orion-17.northcentralus.synthetic.invalid,Observe,139,registry-orbit.example/inventory/svc-20:r3,SYN-2025-002877; SYN-2026-002896,9,263,650,69,991,GCP-Sim,Staging,SIM-CORE-EPSILON,v1.36.7-sim,Matthew Clark,Container Engineering,northcentralus,registry-orbit.example,rg-sim-orion-1,2026-07-21,14,100.0,In Remediation,matthew.clark@email.com
k8s-zephyr-sta-11,payments-core,https://api-zephyr-11.westcentralus.synthetic.invalid,Block,142,images-horizon.example/payments-core/svc-21:r4,SYN-2025-003014; SYN-2026-003033,2,55,761,9,827,Azure-Sim,Staging,SIM-PLATFORM-ALPHA,v1.34.1-sim,Rebecca Hayes,Cloud Defense,canadacentral,registry-meridian.example,rg-sim-zenith-2,2026-07-22,14,64.3,In Remediation,rebecca.hayes@email.com
k8s-lyra-sta-12,edge-router,https://api-lyra-12.canadacentral.synthetic.invalid,Audit,132,containers-vista.example/edge-router/svc-22:r5; artifacts-pulse.example/edge-router/svc-00:r6; registry-meridian.example/edge-router/svc-01:r7; registry-orbit.example/edge-router/svc-02:r8,SYN-2024-003151; SYN-2025-003170,2,69,155,2,228,AWS-Sim,Staging,SIM-DATA-GAMMA,v1.35.2-sim,Jonathan Price,Infrastructure Risk,japaneast,artifacts-pulse.example,rg-sim-horizon-3,2026-07-23,14,38.9,In Remediation,jonathan.price@email.com
k8s-solstice-sta-13,reporting,https://api-solstice-13.uksouth.synthetic.invalid,Observe,132,artifacts-pulse.example/reporting/svc-00:r6; registry-meridian.example/reporting/svc-01:r7; registry-orbit.example/reporting/svc-02:r8; images-horizon.example/reporting/svc-03:r9,SYN-2025-003288; SYN-2026-003307; SYN-2026-003326; SYN-2024-003345; SYN-2024-003364; SYN-2026-003383,8,156,270,222,656,GCP-Sim,Staging,SIM-CORE-EPSILON,v1.36.3-sim,Megan Russell,Product Security,westcentralus,containers-vista.example,rg-sim-vertex-4,2026-07-01,14,96.1,In Remediation,megan.russell@email.com
k8s-aurora-sta-14,workflow,https://api-aurora-14.japaneast.synthetic.invalid,Block,35,registry-meridian.example/workflow/svc-01:r7; registry-orbit.example/workflow/svc-02:r8; images-horizon.example/workflow/svc-03:r9; containers-vista.example/workflow/svc-04:r1,SYN-2025-003425; SYN-2024-003444; SYN-2025-003463; SYN-2026-003482; SYN-2025-003501; SYN-2026-003520,10,34,47,51,142,Azure-Sim,Staging,SIM-PLATFORM-ALPHA,v1.34.4-sim,Steven Ward,Platform Assurance,uksouth,images-horizon.example,rg-sim-lighthouse-5,2026-07-02,7,49.2,In Remediation,steven.ward@email.com
k8s-vertex-sta-15,telemetry,https://api-vertex-15.northcentralus.synthetic.invalid,Audit,60,registry-orbit.example/telemetry/svc-02:r8; images-horizon.example/telemetry/svc-03:r9; containers-vista.example/telemetry/svc-04:r1; artifacts-pulse.example/telemetry/svc-05:r2,SYN-2025-003562; SYN-2026-003581; SYN-2024-003600; SYN-2025-003619; SYN-2026-003638; SYN-2026-003657,0,145,187,110,442,AWS-Sim,Staging,SIM-DATA-GAMMA,v1.35.5-sim,Ashley Coleman,DevSecOps Enablement,northcentralus,registry-orbit.example,rg-sim-orion-1,2026-07-03,30,60.1,Monitoring,ashley.coleman@email.com
k8s-nebula-sta-16,batch-jobs,https://api-nebula-16.westcentralus.synthetic.invalid,Observe,52,images-horizon.example/batch-jobs/svc-03:r9; containers-vista.example/batch-jobs/svc-04:r1; artifacts-pulse.example/batch-jobs/svc-05:r2; registry-meridian.example/batch-jobs/svc-06:r3,SYN-2026-003699; SYN-2024-003718,19,74,270,76,439,GCP-Sim,Staging,SIM-CORE-EPSILON,v1.36.6-sim,Patrick Murphy,Security Operations,canadacentral,registry-meridian.example,rg-sim-zenith-2,2026-07-04,7,100.0,Escalated,patrick.murphy@email.com
k8s-quasar-sta-17,platform-tools,https://api-quasar-17.canadacentral.synthetic.invalid,Block,139,containers-vista.example/platform-tools/svc-04:r1; artifacts-pulse.example/platform-tools/svc-05:r2; registry-meridian.example/platform-tools/svc-06:r3; registry-orbit.example/platform-tools/svc-07:r4,SYN-2025-003836; SYN-2024-003855; SYN-2026-003874; SYN-2024-003893; SYN-2025-003912; SYN-2024-003931,12,299,186,65,562,Azure-Sim,Staging,SIM-PLATFORM-ALPHA,v1.34.7-sim,Lauren Hughes,Container Engineering,japaneast,artifacts-pulse.example,rg-sim-horizon-3,2026-07-05,7,100.0,Escalated,lauren.hughes@email.com
k8s-cobalt-sta-11,scheduler,https://api-cobalt-11.uksouth.synthetic.invalid,Audit,27,artifacts-pulse.example/scheduler/svc-05:r2; registry-meridian.example/scheduler/svc-06:r3; registry-orbit.example/scheduler/svc-07:r4; images-horizon.example/scheduler/svc-08:r5,SYN-2026-003973; SYN-2025-003992; SYN-2026-004011; SYN-2026-004030; SYN-2025-004049; SYN-2024-004068,1,39,54,6,100,AWS-Sim,Staging,SIM-DATA-GAMMA,v1.35.1-sim,Eric Bailey,Cloud Defense,westcentralus,containers-vista.example,rg-sim-vertex-4,2026-07-06,14,19.8,In Remediation,eric.bailey@email.com
k8s-ember-sta-12,catalog-api,https://api-ember-12.japaneast.synthetic.invalid,Observe,70,registry-meridian.example/catalog-api/svc-06:r3; registry-orbit.example/catalog-api/svc-07:r4; images-horizon.example/catalog-api/svc-08:r5; containers-vista.example/catalog-api/svc-09:r6,SYN-2026-004110; SYN-2024-004129,0,145,322,136,603,GCP-Sim,Staging,SIM-CORE-EPSILON,v1.36.2-sim,Brittany Ross,Infrastructure Risk,uksouth,images-horizon.example,rg-sim-lighthouse-5,2026-07-07,30,66.8,Monitoring,brittany.ross@email.com
k8s-harbor-sta-13,message-bus,https://api-harbor-13.northcentralus.synthetic.invalid,Block,136,registry-orbit.example/message-bus/svc-07:r4; images-horizon.example/message-bus/svc-08:r5; containers-vista.example/message-bus/svc-09:r6,SYN-2026-004247; SYN-2025-004266,4,68,658,97,827,Azure-Sim,Staging,SIM-PLATFORM-ALPHA,v1.34.3-sim,John Doe,Product Security,northcentralus,registry-orbit.example,rg-sim-orion-1,2026-07-08,14,70.7,In Remediation,john.doe@email.com
k8s-summit-sta-14,customer-api,https://api-summit-14.westcentralus.synthetic.invalid,Audit,22,images-horizon.example/customer-api/svc-08:r5; containers-vista.example/customer-api/svc-09:r6; artifacts-pulse.example/customer-api/svc-10:r7; registry-meridian.example/customer-api/svc-11:r8,SYN-2026-004384; SYN-2026-004403; SYN-2026-004422; SYN-2025-004441; SYN-2025-004460; SYN-2026-004479,2,33,114,43,192,AWS-Sim,Staging,SIM-DATA-GAMMA,v1.35.4-sim,Scott Smith,Platform Assurance,canadacentral,registry-meridian.example,rg-sim-zenith-2,2026-07-09,14,24.2,In Remediation,scott.smith@email.com
k8s-lattice-sta-15,identity-hub,https://api-lattice-15.canadacentral.synthetic.invalid,Observe,164,containers-vista.example/identity-hub/svc-09:r6; artifacts-pulse.example/identity-hub/svc-10:r7; registry-meridian.example/identity-hub/svc-11:r8; registry-orbit.example/identity-hub/svc-12:r9,SYN-2025-004521; SYN-2024-004540; SYN-2026-004559; SYN-2024-004578; SYN-2024-004597; SYN-2024-004616,7,145,961,3,1116,GCP-Sim,Staging,SIM-CORE-EPSILON,v1.36.5-sim,Michael Carter,DevSecOps Enablement,japaneast,artifacts-pulse.example,rg-sim-horizon-3,2026-07-10,14,100.0,In Remediation,michael.carter@email.com
k8s-phoenix-sta-16,policy-engine,https://api-phoenix-16.uksouth.synthetic.invalid,Block,57,artifacts-pulse.example/policy-engine/svc-10:r7; registry-meridian.example/policy-engine/svc-11:r8; registry-orbit.example/policy-engine/svc-12:r9; images-horizon.example/policy-engine/svc-13:r1,SYN-2025-004658; SYN-2026-004677; SYN-2024-004696; SYN-2025-004715; SYN-2026-004734; SYN-2025-004753,22,31,60,0,113,Azure-Sim,Staging,SIM-PLATFORM-ALPHA,v1.34.6-sim,Sarah Johnson,Security Operations,westcentralus,containers-vista.example,rg-sim-vertex-4,2026-07-11,7,90.8,Escalated,sarah.johnson@email.com
k8s-raven-sta-17,auth-gateway,https://api-raven-17.japaneast.synthetic.invalid,Audit,120,registry-meridian.example/auth-gateway/svc-11:r8; registry-orbit.example/auth-gateway/svc-12:r9; images-horizon.example/auth-gateway/svc-13:r1; containers-vista.example/auth-gateway/svc-14:r2,SYN-2024-004795; SYN-2026-004814; SYN-2025-004833; SYN-2024-004852,12,182,592,146,932,AWS-Sim,Staging,SIM-DATA-GAMMA,v1.35.7-sim,David Thompson,Container Engineering,uksouth,images-horizon.example,rg-sim-lighthouse-5,2026-07-12,7,100.0,Escalated,david.thompson@email.com
k8s-cedar-sta-11,analytics,https://api-cedar-11.northcentralus.synthetic.invalid,Observe,28,registry-orbit.example/analytics/svc-12:r9; images-horizon.example/analytics/svc-13:r1; containers-vista.example/analytics/svc-14:r2; artifacts-pulse.example/analytics/svc-15:r3,SYN-2026-004932; SYN-2025-004951; SYN-2025-004970; SYN-2025-004989; SYN-2026-005008; SYN-2025-005027,6,62,46,38,152,GCP-Sim,Staging,SIM-CORE-EPSILON,v1.36.1-sim,Jennifer Miller,Cloud Defense,northcentralus,registry-orbit.example,rg-sim-orion-1,2026-07-13,14,45.0,In Remediation,jennifer.miller@email.com
k8s-mariner-sta-12,order-stream,https://api-mariner-12.westcentralus.synthetic.invalid,Block,33,images-horizon.example/order-stream/svc-13:r1; containers-vista.example/order-stream/svc-14:r2; artifacts-pulse.example/order-stream/svc-15:r3; registry-meridian.example/order-stream/svc-16:r4,SYN-2024-005069; SYN-2024-005088; SYN-2024-005107; SYN-2026-005126; SYN-2026-005145; SYN-2024-005164,14,25,108,8,155,Azure-Sim,Staging,SIM-PLATFORM-ALPHA,v1.34.2-sim,Robert Wilson,Infrastructure Risk,canadacentral,registry-meridian.example,rg-sim-zenith-2,2026-07-14,7,63.1,Escalated,robert.wilson@email.com
k8s-atlas-sta-13,data-pipeline,https://api-atlas-13.canadacentral.synthetic.invalid,Audit,50,containers-vista.example/data-pipeline/svc-14:r2; artifacts-pulse.example/data-pipeline/svc-15:r3; registry-meridian.example/data-pipeline/svc-16:r4; registry-orbit.example/data-pipeline/svc-17:r5,SYN-2024-005206; SYN-2025-005225; SYN-2026-005244; SYN-2026-005263; SYN-2024-005282; SYN-2024-005301,0,147,252,32,431,AWS-Sim,Staging,SIM-DATA-GAMMA,v1.35.3-sim,Amanda Parker,Product Security,japaneast,artifacts-pulse.example,rg-sim-horizon-3,2026-07-15,30,64.0,Monitoring,amanda.parker@email.com
k8s-cosmos-sta-14,inventory,https://api-cosmos-14.uksouth.synthetic.invalid,Observe,127,artifacts-pulse.example/inventory/svc-15:r3; registry-meridian.example/inventory/svc-16:r4; registry-orbit.example/inventory/svc-17:r5; images-horizon.example/inventory/svc-18:r6,SYN-2026-005343; SYN-2024-005362; SYN-2024-005381; SYN-2026-005400; SYN-2025-005419; SYN-2026-005438,15,58,569,150,792,GCP-Sim,Staging,SIM-CORE-EPSILON,v1.36.4-sim,Daniel Harris,Platform Assurance,westcentralus,containers-vista.example,rg-sim-vertex-4,2026-07-16,7,100.0,Escalated,daniel.harris@email.com
k8s-vantage-sta-15,payments-core,https://api-vantage-15.japaneast.synthetic.invalid,Block,12,registry-meridian.example/payments-core/svc-16:r4; registry-orbit.example/payments-core/svc-17:r5; images-horizon.example/payments-core/svc-18:r6; containers-vista.example/payments-core/svc-19:r7,SYN-2026-005480; SYN-2025-005499; SYN-2025-005518; SYN-2026-005537; SYN-2025-005556; SYN-2026-005575,7,29,67,4,107,Azure-Sim,Staging,SIM-PLATFORM-ALPHA,v1.34.5-sim,Melissa Turner,DevSecOps Enablement,uksouth,images-horizon.example,rg-sim-lighthouse-5,2026-07-17,14,38.0,In Remediation,melissa.turner@email.com
k8s-orion-dev-16,edge-router,https://api-orion-16.northcentralus.synthetic.invalid,Audit,117,registry-orbit.example/edge-router/svc-17:r5; images-horizon.example/edge-router/svc-18:r6; containers-vista.example/edge-router/svc-19:r7; artifacts-pulse.example/edge-router/svc-20:r8,SYN-2026-005617; SYN-2025-005636; SYN-2024-005655; SYN-2025-005674; SYN-2024-005693,8,142,270,28,448,AWS-Sim,Development,SIM-DATA-GAMMA,v1.35.6-sim,Christopher Evans,Security Operations,northcentralus,registry-orbit.example,rg-sim-orion-1,2026-07-18,14,91.2,In Remediation,christopher.evans@email.com
k8s-zephyr-dev-17,reporting,https://api-zephyr-17.westcentralus.synthetic.invalid,Observe,164,images-horizon.example/reporting/svc-18:r6; containers-vista.example/reporting/svc-19:r7; artifacts-pulse.example/reporting/svc-20:r8; registry-meridian.example/reporting/svc-21:r9,SYN-2026-005754; SYN-2024-005773; SYN-2026-005792; SYN-2026-005811; SYN-2025-005830; SYN-2025-005849,15,440,543,74,1072,GCP-Sim,Development,SIM-CORE-EPSILON,v1.36.7-sim,Rachel Morgan,Container Engineering,canadacentral,registry-meridian.example,rg-sim-zenith-2,2026-07-19,7,100.0,Escalated,rachel.morgan@email.com
k8s-lyra-dev-11,workflow,https://api-lyra-11.canadacentral.synthetic.invalid,Block,61,containers-vista.example/workflow/svc-19:r7; artifacts-pulse.example/workflow/svc-20:r8; registry-meridian.example/workflow/svc-21:r9; registry-orbit.example/workflow/svc-22:r1,SYN-2026-005891; SYN-2024-005910; SYN-2024-005929; SYN-2025-005948; SYN-2025-005967; SYN-2025-005986,4,96,251,69,420,Azure-Sim,Development,SIM-PLATFORM-ALPHA,v1.34.1-sim,Andrew Collins,Cloud Defense,japaneast,artifacts-pulse.example,rg-sim-horizon-3,2026-07-20,14,60.1,In Remediation,andrew.collins@email.com
k8s-solstice-dev-12,telemetry,https://api-solstice-12.uksouth.synthetic.invalid,Audit,41,artifacts-pulse.example/telemetry/svc-20:r8; registry-meridian.example/telemetry/svc-21:r9; registry-orbit.example/telemetry/svc-22:r1; images-horizon.example/telemetry/svc-00:r2,SYN-2026-006028; SYN-2025-006047; SYN-2024-006066; SYN-2026-006085; SYN-2024-006104; SYN-2026-006123,20,83,94,49,246,AWS-Sim,Development,SIM-DATA-GAMMA,v1.35.2-sim,Stephanie Brooks,Infrastructure Risk,westcentralus,containers-vista.example,rg-sim-vertex-4,2026-07-21,7,100.0,Escalated,stephanie.brooks@email.com
k8s-aurora-dev-13,batch-jobs,https://api-aurora-13.japaneast.synthetic.invalid,Observe,54,registry-meridian.example/batch-jobs/svc-21:r9; registry-orbit.example/batch-jobs/svc-22:r1; images-horizon.example/batch-jobs/svc-00:r2; containers-vista.example/batch-jobs/svc-01:r3,SYN-2025-006165; SYN-2024-006184; SYN-2024-006203; SYN-2025-006222,1,97,171,44,313,GCP-Sim,Development,SIM-CORE-EPSILON,v1.36.3-sim,Kevin Mitchell,Product Security,uksouth,images-horizon.example,rg-sim-lighthouse-5,2026-07-22,14,46.0,In Remediation,kevin.mitchell@email.com
k8s-vertex-dev-14,platform-tools,https://api-vertex-14.northcentralus.synthetic.invalid,Block,143,registry-orbit.example/platform-tools/svc-22:r1; images-horizon.example/platform-tools/svc-00:r2; containers-vista.example/platform-tools/svc-01:r3; artifacts-pulse.example/platform-tools/svc-02:r4,SYN-2026-006302; SYN-2026-006321; SYN-2024-006340; SYN-2024-006359; SYN-2024-006378; SYN-2025-006397,17,378,530,194,1119,Azure-Sim,Development,SIM-PLATFORM-ALPHA,v1.34.4-sim,Laura Bennett,Platform Assurance,northcentralus,registry-orbit.example,rg-sim-orion-1,2026-07-23,7,100.0,Escalated,laura.bennett@email.com
k8s-nebula-dev-15,scheduler,https://api-nebula-15.westcentralus.synthetic.invalid,Audit,129,images-horizon.example/scheduler/svc-00:r2; containers-vista.example/scheduler/svc-01:r3; artifacts-pulse.example/scheduler/svc-02:r4; registry-meridian.example/scheduler/svc-03:r5,SYN-2026-006439; SYN-2025-006458; SYN-2025-006477; SYN-2026-006496; SYN-2026-006515; SYN-2026-006534,5,84,488,118,695,AWS-Sim,Development,SIM-DATA-GAMMA,v1.35.5-sim,Brian Cooper,DevSecOps Enablement,canadacentral,registry-meridian.example,rg-sim-zenith-2,2026-07-01,14,71.3,In Remediation,brian.cooper@email.com
k8s-quasar-dev-16,catalog-api,https://api-quasar-16.canadacentral.synthetic.invalid,Observe,129,containers-vista.example/catalog-api/svc-01:r3; artifacts-pulse.example/catalog-api/svc-02:r4; registry-meridian.example/catalog-api/svc-03:r5; registry-orbit.example/catalog-api/svc-04:r6,SYN-2025-006576; SYN-2024-006595; SYN-2025-006614,2,199,580,124,905,GCP-Sim,Development,SIM-CORE-EPSILON,v1.36.6-sim,Nicole Foster,Security Operations,japaneast,artifacts-pulse.example,rg-sim-horizon-3,2026-07-02,14,100.0,In Remediation,nicole.foster@email.com
k8s-cobalt-dev-17,message-bus,https://api-cobalt-17.uksouth.synthetic.invalid,Block,54,artifacts-pulse.example/message-bus/svc-02:r4; registry-meridian.example/message-bus/svc-03:r5; registry-orbit.example/message-bus/svc-04:r6; images-horizon.example/message-bus/svc-05:r7,SYN-2026-006713; SYN-2024-006732; SYN-2025-006751; SYN-2024-006770; SYN-2025-006789,22,82,247,51,402,Azure-Sim,Development,SIM-PLATFORM-ALPHA,v1.34.7-sim,Jason Reed,Container Engineering,westcentralus,containers-vista.example,rg-sim-vertex-4,2026-07-03,7,100.0,Escalated,jason.reed@email.com
k8s-ember-dev-11,customer-api,https://api-ember-11.japaneast.synthetic.invalid,Audit,158,registry-meridian.example/customer-api/svc-03:r5; registry-orbit.example/customer-api/svc-04:r6; images-horizon.example/customer-api/svc-05:r7; containers-vista.example/customer-api/svc-06:r8,SYN-2026-006850; SYN-2026-006869; SYN-2024-006888; SYN-2024-006907; SYN-2025-006926; SYN-2024-006945,6,467,420,211,1104,AWS-Sim,Development,SIM-DATA-GAMMA,v1.35.1-sim,Emily Sanders,Cloud Defense,uksouth,images-horizon.example,rg-sim-lighthouse-5,2026-07-04,14,100.0,In Remediation,emily.sanders@email.com
k8s-harbor-dev-12,identity-hub,https://api-harbor-12.northcentralus.synthetic.invalid,Observe,20,registry-orbit.example/identity-hub/svc-04:r6; images-horizon.example/identity-hub/svc-05:r7,SYN-2024-006987; SYN-2025-007006,5,23,33,8,69,GCP-Sim,Development,SIM-CORE-EPSILON,v1.36.2-sim,Matthew Clark,Infrastructure Risk,northcentralus,registry-orbit.example,rg-sim-orion-1,2026-07-05,14,27.2,In Remediation,matthew.clark@email.com
k8s-summit-dev-13,policy-engine,https://api-summit-13.westcentralus.synthetic.invalid,Block,18,images-horizon.example/policy-engine/svc-05:r7; containers-vista.example/policy-engine/svc-06:r8; artifacts-pulse.example/policy-engine/svc-07:r9; registry-meridian.example/policy-engine/svc-08:r1,SYN-2025-007124; SYN-2026-007143; SYN-2026-007162; SYN-2024-007181,1,44,95,36,176,Azure-Sim,Development,SIM-PLATFORM-ALPHA,v1.34.3-sim,Rebecca Hayes,Product Security,canadacentral,registry-meridian.example,rg-sim-zenith-2,2026-07-06,14,23.6,In Remediation,rebecca.hayes@email.com
k8s-lattice-dev-14,auth-gateway,https://api-lattice-14.canadacentral.synthetic.invalid,Audit,133,containers-vista.example/auth-gateway/svc-06:r8; artifacts-pulse.example/auth-gateway/svc-07:r9; registry-meridian.example/auth-gateway/svc-08:r1; registry-orbit.example/auth-gateway/svc-09:r2,SYN-2025-007261; SYN-2024-007280; SYN-2025-007299; SYN-2024-007318,9,133,334,259,735,AWS-Sim,Development,SIM-DATA-GAMMA,v1.35.4-sim,Jonathan Price,Platform Assurance,japaneast,artifacts-pulse.example,rg-sim-horizon-3,2026-07-07,14,94.8,In Remediation,jonathan.price@email.com
k8s-phoenix-dev-15,analytics,https://api-phoenix-15.uksouth.synthetic.invalid,Observe,129,artifacts-pulse.example/analytics/svc-07:r9; registry-meridian.example/analytics/svc-08:r1; registry-orbit.example/analytics/svc-09:r2; images-horizon.example/analytics/svc-10:r3,SYN-2025-007398; SYN-2026-007417; SYN-2026-007436,1,65,199,236,501,GCP-Sim,Development,SIM-CORE-EPSILON,v1.36.5-sim,Megan Russell,DevSecOps Enablement,westcentralus,containers-vista.example,rg-sim-vertex-4,2026-07-08,14,36.2,In Remediation,megan.russell@email.com
k8s-raven-dev-16,order-stream,https://api-raven-16.japaneast.synthetic.invalid,Block,140,registry-meridian.example/order-stream/svc-08:r1; registry-orbit.example/order-stream/svc-09:r2; images-horizon.example/order-stream/svc-10:r3; containers-vista.example/order-stream/svc-11:r4,SYN-2024-007535; SYN-2026-007554; SYN-2025-007573; SYN-2025-007592; SYN-2024-007611; SYN-2026-007630,17,351,326,242,936,Azure-Sim,Development,SIM-PLATFORM-ALPHA,v1.34.6-sim,Steven Ward,Security Operations,uksouth,images-horizon.example,rg-sim-lighthouse-5,2026-07-09,7,100.0,Escalated,steven.ward@email.com
k8s-cedar-dev-17,data-pipeline,https://api-cedar-17.northcentralus.synthetic.invalid,Audit,100,registry-orbit.example/data-pipeline/svc-09:r2; images-horizon.example/data-pipeline/svc-10:r3; containers-vista.example/data-pipeline/svc-11:r4; artifacts-pulse.example/data-pipeline/svc-12:r5,SYN-2024-007672; SYN-2025-007691; SYN-2026-007710; SYN-2024-007729,9,83,558,56,706,AWS-Sim,Development,SIM-DATA-GAMMA,v1.35.7-sim,Ashley Coleman,Container Engineering,northcentralus,registry-orbit.example,rg-sim-orion-1,2026-07-10,14,88.5,In Remediation,ashley.coleman@email.com
k8s-mariner-dev-11,inventory,https://api-mariner-11.westcentralus.synthetic.invalid,Observe,46,images-horizon.example/inventory/svc-10:r3; containers-vista.example/inventory/svc-11:r4; artifacts-pulse.example/inventory/svc-12:r5; registry-meridian.example/inventory/svc-13:r6,SYN-2024-007809; SYN-2025-007828; SYN-2025-007847; SYN-2025-007866; SYN-2026-007885; SYN-2024-007904,9,11,201,58,279,GCP-Sim,Development,SIM-CORE-EPSILON,v1.36.1-sim,Patrick Murphy,Cloud Defense,canadacentral,registry-meridian.example,rg-sim-zenith-2,2026-07-11,14,45.4,In Remediation,patrick.murphy@email.com
k8s-atlas-dev-12,payments-core,https://api-atlas-12.canadacentral.synthetic.invalid,Block,14,containers-vista.example/payments-core/svc-11:r4; artifacts-pulse.example/payments-core/svc-12:r5; registry-meridian.example/payments-core/svc-13:r6; registry-orbit.example/payments-core/svc-14:r7,SYN-2026-007946; SYN-2025-007965,9,12,52,20,93,Azure-Sim,Development,SIM-PLATFORM-ALPHA,v1.34.2-sim,Lauren Hughes,Infrastructure Risk,japaneast,artifacts-pulse.example,rg-sim-horizon-3,2026-07-12,14,38.3,In Remediation,lauren.hughes@email.com
k8s-cosmos-dev-13,edge-router,https://api-cosmos-13.uksouth.synthetic.invalid,Audit,51,artifacts-pulse.example/edge-router/svc-12:r5; registry-meridian.example/edge-router/svc-13:r6; registry-orbit.example/edge-router/svc-14:r7; images-horizon.example/edge-router/svc-15:r8,SYN-2025-008083; SYN-2024-008102,8,118,232,16,374,AWS-Sim,Development,SIM-DATA-GAMMA,v1.35.3-sim,Eric Bailey,Product Security,westcentralus,containers-vista.example,rg-sim-vertex-4,2026-07-13,14,80.9,In Remediation,eric.bailey@email.com
k8s-vantage-dev-14,reporting,https://api-vantage-14.japaneast.synthetic.invalid,Observe,155,registry-meridian.example/reporting/svc-13:r6; registry-orbit.example/reporting/svc-14:r7; images-horizon.example/reporting/svc-15:r8; containers-vista.example/reporting/svc-16:r9,SYN-2024-008220; SYN-2026-008239; SYN-2026-008258; SYN-2024-008277; SYN-2026-008296; SYN-2026-008315,2,101,467,146,716,GCP-Sim,Development,SIM-CORE-EPSILON,v1.36.4-sim,Brittany Ross,Platform Assurance,uksouth,images-horizon.example,rg-sim-lighthouse-5,2026-07-14,14,65.7,In Remediation,brittany.ross@email.com
k8s-orion-san-15,workflow,https://api-orion-15.northcentralus.synthetic.invalid,Block,150,registry-orbit.example/workflow/svc-14:r7; images-horizon.example/workflow/svc-15:r8; containers-vista.example/workflow/svc-16:r9; artifacts-pulse.example/workflow/svc-17:r1,SYN-2026-008357; SYN-2024-008376,22,322,228,0,572,Azure-Sim,Sandbox,SIM-PLATFORM-ALPHA,v1.34.5-sim,John Doe,DevSecOps Enablement,northcentralus,registry-orbit.example,rg-sim-orion-1,2026-07-15,7,100.0,Escalated,john.doe@email.com
k8s-zephyr-san-16,telemetry,https://api-zephyr-16.westcentralus.synthetic.invalid,Audit,156,images-horizon.example/telemetry/svc-15:r8; containers-vista.example/telemetry/svc-16:r9; artifacts-pulse.example/telemetry/svc-17:r1; registry-meridian.example/telemetry/svc-18:r2,SYN-2025-008494; SYN-2025-008513; SYN-2026-008532; SYN-2026-008551; SYN-2026-008570; SYN-2026-008589,15,101,258,293,667,AWS-Sim,Sandbox,SIM-DATA-GAMMA,v1.35.6-sim,Scott Smith,Security Operations,canadacentral,registry-meridian.example,rg-sim-zenith-2,2026-07-16,7,100.0,Escalated,scott.smith@email.com
k8s-lyra-san-17,batch-jobs,https://api-lyra-17.canadacentral.synthetic.invalid,Observe,48,containers-vista.example/batch-jobs/svc-16:r9; artifacts-pulse.example/batch-jobs/svc-17:r1; registry-meridian.example/batch-jobs/svc-18:r2; registry-orbit.example/batch-jobs/svc-19:r3,SYN-2026-008631; SYN-2026-008650; SYN-2024-008669; SYN-2025-008688; SYN-2026-008707; SYN-2026-008726,15,55,139,21,230,GCP-Sim,Sandbox,SIM-CORE-EPSILON,v1.36.7-sim,Michael Carter,Container Engineering,japaneast,artifacts-pulse.example,rg-sim-horizon-3,2026-07-17,7,78.7,Escalated,michael.carter@email.com
k8s-solstice-san-11,platform-tools,https://api-solstice-11.uksouth.synthetic.invalid,Block,98,artifacts-pulse.example/platform-tools/svc-17:r1; registry-meridian.example/platform-tools/svc-18:r2; registry-orbit.example/platform-tools/svc-19:r3; images-horizon.example/platform-tools/svc-20:r4,SYN-2025-008768; SYN-2026-008787; SYN-2024-008806; SYN-2024-008825; SYN-2025-008844; SYN-2025-008863,18,92,325,161,596,Azure-Sim,Sandbox,SIM-PLATFORM-ALPHA,v1.34.1-sim,Sarah Johnson,Cloud Defense,westcentralus,containers-vista.example,rg-sim-vertex-4,2026-07-18,7,100.0,Escalated,sarah.johnson@email.com
k8s-aurora-san-12,scheduler,https://api-aurora-12.japaneast.synthetic.invalid,Audit,99,registry-meridian.example/scheduler/svc-18:r2,SYN-2026-008905; SYN-2024-008924,1,274,400,175,850,AWS-Sim,Sandbox,SIM-DATA-GAMMA,v1.35.2-sim,David Thompson,Infrastructure Risk,uksouth,images-horizon.example,rg-sim-lighthouse-5,2026-07-19,14,100.0,In Remediation,david.thompson@email.com
k8s-vertex-san-13,catalog-api,https://api-vertex-13.northcentralus.synthetic.invalid,Observe,12,registry-orbit.example/catalog-api/svc-19:r3; images-horizon.example/catalog-api/svc-20:r4; containers-vista.example/catalog-api/svc-21:r5; artifacts-pulse.example/catalog-api/svc-22:r6,SYN-2024-009042; SYN-2024-009061; SYN-2026-009080; SYN-2026-009099; SYN-2025-009118,4,21,68,9,102,GCP-Sim,Sandbox,SIM-CORE-EPSILON,v1.36.3-sim,Jennifer Miller,Product Security,northcentralus,registry-orbit.example,rg-sim-orion-1,2026-07-20,14,24.8,In Remediation,jennifer.miller@email.com
k8s-nebula-san-14,message-bus,https://api-nebula-14.westcentralus.synthetic.invalid,Block,38,images-horizon.example/message-bus/svc-20:r4; containers-vista.example/message-bus/svc-21:r5; artifacts-pulse.example/message-bus/svc-22:r6; registry-meridian.example/message-bus/svc-00:r7,SYN-2025-009179; SYN-2025-009198,1,111,165,57,334,Azure-Sim,Sandbox,SIM-PLATFORM-ALPHA,v1.34.4-sim,Robert Wilson,Platform Assurance,canadacentral,registry-meridian.example,rg-sim-zenith-2,2026-07-21,14,50.6,In Remediation,robert.wilson@email.com
k8s-quasar-san-15,customer-api,https://api-quasar-15.canadacentral.synthetic.invalid,Audit,156,containers-vista.example/customer-api/svc-21:r5; artifacts-pulse.example/customer-api/svc-22:r6; registry-meridian.example/customer-api/svc-00:r7; registry-orbit.example/customer-api/svc-01:r8,SYN-2026-009316; SYN-2025-009335; SYN-2024-009354; SYN-2026-009373,4,162,226,309,701,AWS-Sim,Sandbox,SIM-DATA-GAMMA,v1.35.5-sim,Amanda Parker,DevSecOps Enablement,japaneast,artifacts-pulse.example,rg-sim-horizon-3,2026-07-22,14,82.0,In Remediation,amanda.parker@email.com
k8s-cobalt-san-16,identity-hub,https://api-cobalt-16.uksouth.synthetic.invalid,Observe,9,artifacts-pulse.example/identity-hub/svc-22:r6; registry-meridian.example/identity-hub/svc-00:r7; registry-orbit.example/identity-hub/svc-01:r8; images-horizon.example/identity-hub/svc-02:r9,SYN-2024-009453; SYN-2025-009472; SYN-2026-009491,1,5,49,8,63,GCP-Sim,Sandbox,SIM-CORE-EPSILON,v1.36.6-sim,Daniel Harris,Security Operations,westcentralus,containers-vista.example,rg-sim-vertex-4,2026-07-23,14,7.7,In Remediation,daniel.harris@email.com
k8s-ember-san-17,policy-engine,https://api-ember-17.japaneast.synthetic.invalid,Block,5,registry-meridian.example/policy-engine/svc-00:r7; registry-orbit.example/policy-engine/svc-01:r8; images-horizon.example/policy-engine/svc-02:r9; containers-vista.example/policy-engine/svc-03:r1,SYN-2026-009590; SYN-2024-009609,5,14,29,9,57,Azure-Sim,Sandbox,SIM-PLATFORM-ALPHA,v1.34.7-sim,Melissa Turner,Container Engineering,uksouth,images-horizon.example,rg-sim-lighthouse-5,2026-07-01,14,23.8,In Remediation,melissa.turner@email.com
k8s-harbor-san-11,auth-gateway,https://api-harbor-11.northcentralus.synthetic.invalid,Audit,75,registry-orbit.example/auth-gateway/svc-01:r8; images-horizon.example/auth-gateway/svc-02:r9; containers-vista.example/auth-gateway/svc-03:r1; artifacts-pulse.example/auth-gateway/svc-04:r2,SYN-2025-009727; SYN-2026-009746,8,181,271,38,498,AWS-Sim,Sandbox,SIM-DATA-GAMMA,v1.35.1-sim,Christopher Evans,Cloud Defense,northcentralus,registry-orbit.example,rg-sim-orion-1,2026-07-02,14,100.0,In Remediation,christopher.evans@email.com
k8s-summit-san-12,analytics,https://api-summit-12.westcentralus.synthetic.invalid,Observe,123,images-horizon.example/analytics/svc-02:r9; containers-vista.example/analytics/svc-03:r1; artifacts-pulse.example/analytics/svc-04:r2; registry-meridian.example/analytics/svc-05:r3,SYN-2025-009864; SYN-2024-009883,8,184,453,86,731,GCP-Sim,Sandbox,SIM-CORE-EPSILON,v1.36.2-sim,Rachel Morgan,Infrastructure Risk,canadacentral,registry-meridian.example,rg-sim-zenith-2,2026-07-03,14,100.0,In Remediation,rachel.morgan@email.com
k8s-lattice-san-13,order-stream,https://api-lattice-13.canadacentral.synthetic.invalid,Block,123,containers-vista.example/order-stream/svc-03:r1; artifacts-pulse.example/order-stream/svc-04:r2; registry-meridian.example/order-stream/svc-05:r3; registry-orbit.example/order-stream/svc-06:r4,SYN-2026-010001; SYN-2024-010020; SYN-2026-010039; SYN-2026-010058,0,162,737,146,1045,Azure-Sim,Sandbox,SIM-PLATFORM-ALPHA,v1.34.3-sim,Andrew Collins,Product Security,japaneast,artifacts-pulse.example,rg-sim-horizon-3,2026-07-04,30,93.5,Monitoring,andrew.collins@email.com
k8s-phoenix-san-14,data-pipeline,https://api-phoenix-14.uksouth.synthetic.invalid,Audit,110,artifacts-pulse.example/data-pipeline/svc-04:r2; registry-meridian.example/data-pipeline/svc-05:r3; registry-orbit.example/data-pipeline/svc-06:r4; images-horizon.example/data-pipeline/svc-07:r5,SYN-2024-010138; SYN-2025-010157; SYN-2024-010176; SYN-2025-010195; SYN-2026-010214; SYN-2025-010233,8,81,640,135,864,AWS-Sim,Sandbox,SIM-DATA-GAMMA,v1.35.4-sim,Stephanie Brooks,Platform Assurance,westcentralus,containers-vista.example,rg-sim-vertex-4,2026-07-05,14,88.3,In Remediation,stephanie.brooks@email.com
k8s-raven-san-15,inventory,https://api-raven-15.japaneast.synthetic.invalid,Observe,96,registry-meridian.example/inventory/svc-05:r3; registry-orbit.example/inventory/svc-06:r4; images-horizon.example/inventory/svc-07:r5; containers-vista.example/inventory/svc-08:r6,SYN-2024-010275; SYN-2025-010294; SYN-2025-010313; SYN-2026-010332; SYN-2024-010351; SYN-2024-010370,4,33,475,92,604,GCP-Sim,Sandbox,SIM-CORE-EPSILON,v1.36.5-sim,Kevin Mitchell,DevSecOps Enablement,uksouth,images-horizon.example,rg-sim-lighthouse-5,2026-07-06,14,49.3,In Remediation,kevin.mitchell@email.com
k8s-cedar-san-16,payments-core,https://api-cedar-16.northcentralus.synthetic.invalid,Block,160,registry-orbit.example/payments-core/svc-06:r4; images-horizon.example/payments-core/svc-07:r5; containers-vista.example/payments-core/svc-08:r6; artifacts-pulse.example/payments-core/svc-09:r7,SYN-2026-010412; SYN-2026-010431; SYN-2024-010450,17,213,568,212,1010,Azure-Sim,Sandbox,SIM-PLATFORM-ALPHA,v1.34.6-sim,Laura Bennett,Security Operations,northcentralus,registry-orbit.example,rg-sim-orion-1,2026-07-07,7,100.0,Escalated,laura.bennett@email.com
k8s-mariner-san-17,edge-router,https://api-mariner-17.westcentralus.synthetic.invalid,Audit,58,images-horizon.example/edge-router/svc-07:r5; containers-vista.example/edge-router/svc-08:r6; artifacts-pulse.example/edge-router/svc-09:r7; registry-meridian.example/edge-router/svc-10:r8,SYN-2026-010549; SYN-2026-010568; SYN-2024-010587; SYN-2024-010606; SYN-2026-010625; SYN-2025-010644,14,81,154,25,274,AWS-Sim,Sandbox,SIM-DATA-GAMMA,v1.35.7-sim,Brian Cooper,Container Engineering,canadacentral,registry-meridian.example,rg-sim-zenith-2,2026-07-08,7,85.0,Escalated,brian.cooper@email.com
k8s-atlas-san-11,reporting,https://api-atlas-11.canadacentral.synthetic.invalid,Observe,65,containers-vista.example/reporting/svc-08:r6; artifacts-pulse.example/reporting/svc-09:r7; registry-meridian.example/reporting/svc-10:r8; registry-orbit.example/reporting/svc-11:r9,SYN-2025-010686; SYN-2026-010705; SYN-2025-010724,2,119,363,119,603,GCP-Sim,Sandbox,SIM-CORE-EPSILON,v1.36.1-sim,Nicole Foster,Cloud Defense,japaneast,artifacts-pulse.example,rg-sim-horizon-3,2026-07-09,14,66.8,In Remediation,nicole.foster@email.com
k8s-cosmos-san-12,workflow,https://api-cosmos-12.uksouth.synthetic.invalid,Block,136,artifacts-pulse.example/workflow/svc-09:r7; registry-meridian.example/workflow/svc-10:r8; registry-orbit.example/workflow/svc-11:r9; images-horizon.example/workflow/svc-12:r1,SYN-2024-010823; SYN-2024-010842,10,56,240,72,378,Azure-Sim,Sandbox,SIM-PLATFORM-ALPHA,v1.34.2-sim,Jason Reed,Infrastructure Risk,westcentralus,containers-vista.example,rg-sim-vertex-4,2026-07-10,7,66.6,In Remediation,jason.reed@email.com
k8s-vantage-san-13,telemetry,https://api-vantage-13.japaneast.synthetic.invalid,Audit,80,registry-meridian.example/telemetry/svc-10:r8; registry-orbit.example/telemetry/svc-11:r9; images-horizon.example/telemetry/svc-12:r1,SYN-2024-010960; SYN-2024-010979,6,85,257,144,492,AWS-Sim,Sandbox,SIM-DATA-GAMMA,v1.35.3-sim,Emily Sanders,Product Security,uksouth,images-horizon.example,rg-sim-lighthouse-5,2026-07-11,14,63.6,In Remediation,emily.sanders@email.com
k8s-orion-tes-14,batch-jobs,https://api-orion-14.northcentralus.synthetic.invalid,Observe,157,registry-orbit.example/batch-jobs/svc-11:r9; images-horizon.example/batch-jobs/svc-12:r1; containers-vista.example/batch-jobs/svc-13:r2; artifacts-pulse.example/batch-jobs/svc-14:r3,SYN-2025-011097; SYN-2025-011116; SYN-2026-011135; SYN-2026-011154; SYN-2024-011173; SYN-2024-011192,15,44,624,84,767,GCP-Sim,Testing,SIM-CORE-EPSILON,v1.36.4-sim,Matthew Clark,Platform Assurance,northcentralus,registry-orbit.example,rg-sim-orion-1,2026-07-12,7,99.1,Escalated,matthew.clark@email.com
k8s-zephyr-tes-15,platform-tools,https://api-zephyr-15.westcentralus.synthetic.invalid,Block,149,images-horizon.example/platform-tools/svc-12:r1; containers-vista.example/platform-tools/svc-13:r2; artifacts-pulse.example/platform-tools/svc-14:r3; registry-meridian.example/platform-tools/svc-15:r4,SYN-2026-011234; SYN-2025-011253; SYN-2025-011272,8,203,465,173,849,Azure-Sim,Testing,SIM-PLATFORM-ALPHA,v1.34.5-sim,Rebecca Hayes,DevSecOps Enablement,canadacentral,registry-meridian.example,rg-sim-zenith-2,2026-07-13,14,100.0,In Remediation,rebecca.hayes@email.com
k8s-lyra-tes-16,scheduler,https://api-lyra-16.canadacentral.synthetic.invalid,Audit,37,containers-vista.example/scheduler/svc-13:r2; artifacts-pulse.example/scheduler/svc-14:r3; registry-meridian.example/scheduler/svc-15:r4; registry-orbit.example/scheduler/svc-16:r5,SYN-2026-011371; SYN-2025-011390; SYN-2026-011409; SYN-2024-011428; SYN-2026-011447,15,100,137,33,285,AWS-Sim,Testing,SIM-DATA-GAMMA,v1.35.6-sim,Jonathan Price,Security Operations,japaneast,artifacts-pulse.example,rg-sim-horizon-3,2026-07-14,7,94.3,Escalated,jonathan.price@email.com
k8s-solstice-tes-17,catalog-api,https://api-solstice-17.uksouth.synthetic.invalid,Observe,63,artifacts-pulse.example/catalog-api/svc-14:r3; registry-meridian.example/catalog-api/svc-15:r4; registry-orbit.example/catalog-api/svc-16:r5; images-horizon.example/catalog-api/svc-17:r6,SYN-2024-011508; SYN-2025-011527; SYN-2026-011546; SYN-2024-011565,4,160,243,123,530,GCP-Sim,Testing,SIM-CORE-EPSILON,v1.36.7-sim,Megan Russell,Container Engineering,westcentralus,containers-vista.example,rg-sim-vertex-4,2026-07-15,14,82.2,In Remediation,megan.russell@email.com
k8s-aurora-tes-11,message-bus,https://api-aurora-11.japaneast.synthetic.invalid,Block,129,registry-meridian.example/message-bus/svc-15:r4; registry-orbit.example/message-bus/svc-16:r5; images-horizon.example/message-bus/svc-17:r6; containers-vista.example/message-bus/svc-18:r7,SYN-2025-011645; SYN-2024-011664; SYN-2026-011683; SYN-2025-011702; SYN-2025-011721,15,232,535,242,1024,Azure-Sim,Testing,SIM-PLATFORM-ALPHA,v1.34.1-sim,Steven Ward,Cloud Defense,uksouth,images-horizon.example,rg-sim-lighthouse-5,2026-07-16,7,100.0,Escalated,steven.ward@email.com
k8s-vertex-tes-12,customer-api,https://api-vertex-12.northcentralus.synthetic.invalid,Audit,81,registry-orbit.example/customer-api/svc-16:r5; images-horizon.example/customer-api/svc-17:r6; containers-vista.example/customer-api/svc-18:r7; artifacts-pulse.example/customer-api/svc-19:r8,SYN-2024-011782; SYN-2024-011801; SYN-2025-011820; SYN-2025-011839; SYN-2026-011858; SYN-2026-011877,7,220,388,161,776,AWS-Sim,Testing,SIM-DATA-GAMMA,v1.35.2-sim,Ashley Coleman,Infrastructure Risk,northcentralus,registry-orbit.example,rg-sim-orion-1,2026-07-17,14,100.0,In Remediation,ashley.coleman@email.com
k8s-nebula-tes-13,identity-hub,https://api-nebula-13.westcentralus.synthetic.invalid,Observe,105,images-horizon.example/identity-hub/svc-17:r6; containers-vista.example/identity-hub/svc-18:r7; artifacts-pulse.example/identity-hub/svc-19:r8; registry-meridian.example/identity-hub/svc-20:r9,SYN-2025-011919; SYN-2025-011938; SYN-2026-011957; SYN-2024-011976,16,34,323,125,498,GCP-Sim,Testing,SIM-CORE-EPSILON,v1.36.3-sim,Patrick Murphy,Product Security,canadacentral,registry-meridian.example,rg-sim-zenith-2,2026-07-18,7,84.1,Escalated,patrick.murphy@email.com
k8s-quasar-tes-14,policy-engine,https://api-quasar-14.canadacentral.synthetic.invalid,Block,110,containers-vista.example/policy-engine/svc-18:r7; artifacts-pulse.example/policy-engine/svc-19:r8; registry-meridian.example/policy-engine/svc-20:r9; registry-orbit.example/policy-engine/svc-21:r1,SYN-2025-012056; SYN-2024-012075; SYN-2025-012094,13,66,340,31,450,Azure-Sim,Testing,SIM-PLATFORM-ALPHA,v1.34.4-sim,Lauren Hughes,Platform Assurance,japaneast,artifacts-pulse.example,rg-sim-horizon-3,2026-07-19,7,85.6,Escalated,lauren.hughes@email.com
k8s-cobalt-tes-15,auth-gateway,https://api-cobalt-15.uksouth.synthetic.invalid,Audit,57,artifacts-pulse.example/auth-gateway/svc-19:r8; registry-meridian.example/auth-gateway/svc-20:r9; registry-orbit.example/auth-gateway/svc-21:r1; images-horizon.example/auth-gateway/svc-22:r2,SYN-2024-012193; SYN-2026-012212; SYN-2026-012231,18,128,165,0,311,AWS-Sim,Testing,SIM-DATA-GAMMA,v1.35.5-sim,Eric Bailey,DevSecOps Enablement,westcentralus,containers-vista.example,rg-sim-vertex-4,2026-07-20,7,100.0,Escalated,eric.bailey@email.com
k8s-ember-tes-16,analytics,https://api-ember-16.japaneast.synthetic.invalid,Observe,125,registry-meridian.example/analytics/svc-20:r9,SYN-2024-012330; SYN-2026-012349,12,168,272,101,553,GCP-Sim,Testing,SIM-CORE-EPSILON,v1.36.6-sim,Brittany Ross,Security Operations,uksouth,images-horizon.example,rg-sim-lighthouse-5,2026-07-21,7,100.0,Escalated,brittany.ross@email.com
k8s-harbor-tes-17,order-stream,https://api-harbor-17.northcentralus.synthetic.invalid,Block,75,registry-orbit.example/order-stream/svc-21:r1; images-horizon.example/order-stream/svc-22:r2; containers-vista.example/order-stream/svc-00:r3; artifacts-pulse.example/order-stream/svc-01:r4,SYN-2026-012467; SYN-2024-012486,14,54,207,34,309,Azure-Sim,Testing,SIM-PLATFORM-ALPHA,v1.34.7-sim,John Doe,Container Engineering,northcentralus,registry-orbit.example,rg-sim-orion-1,2026-07-22,7,78.2,Escalated,john.doe@email.com
k8s-summit-tes-11,data-pipeline,https://api-summit-11.westcentralus.synthetic.invalid,Audit,108,images-horizon.example/data-pipeline/svc-22:r2,SYN-2026-012604; SYN-2025-012623,11,32,188,172,403,AWS-Sim,Testing,SIM-DATA-GAMMA,v1.35.1-sim,Scott Smith,Cloud Defense,canadacentral,registry-meridian.example,rg-sim-zenith-2,2026-07-23,7,59.1,In Remediation,scott.smith@email.com
k8s-lattice-tes-12,inventory,https://api-lattice-12.canadacentral.synthetic.invalid,Observe,119,containers-vista.example/inventory/svc-00:r3; artifacts-pulse.example/inventory/svc-01:r4; registry-meridian.example/inventory/svc-02:r5; registry-orbit.example/inventory/svc-03:r6,SYN-2026-012741; SYN-2024-012760; SYN-2024-012779; SYN-2024-012798; SYN-2025-012817; SYN-2025-012836,19,37,464,15,535,GCP-Sim,Testing,SIM-CORE-EPSILON,v1.36.2-sim,Michael Carter,Infrastructure Risk,japaneast,artifacts-pulse.example,rg-sim-horizon-3,2026-07-01,7,100.0,Escalated,michael.carter@email.com
k8s-phoenix-tes-13,payments-core,https://api-phoenix-13.uksouth.synthetic.invalid,Block,126,artifacts-pulse.example/payments-core/svc-01:r4; registry-meridian.example/payments-core/svc-02:r5; registry-orbit.example/payments-core/svc-03:r6; images-horizon.example/payments-core/svc-04:r7,SYN-2025-012878; SYN-2026-012897; SYN-2026-012916; SYN-2025-012935; SYN-2026-012954,4,352,382,174,912,Azure-Sim,Testing,SIM-PLATFORM-ALPHA,v1.34.3-sim,Sarah Johnson,Product Security,westcentralus,containers-vista.example,rg-sim-vertex-4,2026-07-02,14,100.0,In Remediation,sarah.johnson@email.com
k8s-raven-tes-14,edge-router,https://api-raven-14.japaneast.synthetic.invalid,Audit,88,registry-meridian.example/edge-router/svc-02:r5; registry-orbit.example/edge-router/svc-03:r6; images-horizon.example/edge-router/svc-04:r7; containers-vista.example/edge-router/svc-05:r8,SYN-2024-013015; SYN-2026-013034; SYN-2025-013053,15,229,462,127,833,AWS-Sim,Testing,SIM-DATA-GAMMA,v1.35.4-sim,David Thompson,Platform Assurance,uksouth,images-horizon.example,rg-sim-lighthouse-5,2026-07-03,7,100.0,Escalated,david.thompson@email.com
k8s-cedar-tes-15,reporting,https://api-cedar-15.northcentralus.synthetic.invalid,Observe,156,registry-orbit.example/reporting/svc-03:r6; images-horizon.example/reporting/svc-04:r7; containers-vista.example/reporting/svc-05:r8; artifacts-pulse.example/reporting/svc-06:r9,SYN-2025-013152; SYN-2024-013171,18,297,458,260,1033,GCP-Sim,Testing,SIM-CORE-EPSILON,v1.36.5-sim,Jennifer Miller,DevSecOps Enablement,northcentralus,registry-orbit.example,rg-sim-orion-1,2026-07-04,7,100.0,Escalated,jennifer.miller@email.com
k8s-mariner-tes-16,workflow,https://api-mariner-16.westcentralus.synthetic.invalid,Block,62,images-horizon.example/workflow/svc-04:r7; containers-vista.example/workflow/svc-05:r8; artifacts-pulse.example/workflow/svc-06:r9; registry-meridian.example/workflow/svc-07:r1,SYN-2026-013289; SYN-2026-013308; SYN-2024-013327; SYN-2026-013346; SYN-2025-013365,10,110,159,22,301,Azure-Sim,Testing,SIM-PLATFORM-ALPHA,v1.34.6-sim,Robert Wilson,Security Operations,canadacentral,registry-meridian.example,rg-sim-zenith-2,2026-07-05,7,81.5,In Remediation,robert.wilson@email.com
k8s-atlas-tes-17,telemetry,https://api-atlas-17.canadacentral.synthetic.invalid,Audit,33,containers-vista.example/telemetry/svc-05:r8; artifacts-pulse.example/telemetry/svc-06:r9; registry-meridian.example/telemetry/svc-07:r1; registry-orbit.example/telemetry/svc-08:r2,SYN-2026-013426; SYN-2025-013445; SYN-2026-013464; SYN-2025-013483; SYN-2025-013502; SYN-2025-013521,2,96,194,2,294,AWS-Sim,Testing,SIM-DATA-GAMMA,v1.35.7-sim,Amanda Parker,Container Engineering,japaneast,artifacts-pulse.example,rg-sim-horizon-3,2026-07-06,14,50.3,In Remediation,amanda.parker@email.com
k8s-cosmos-tes-11,batch-jobs,https://api-cosmos-11.uksouth.synthetic.invalid,Observe,18,artifacts-pulse.example/batch-jobs/svc-06:r9; registry-meridian.example/batch-jobs/svc-07:r1; registry-orbit.example/batch-jobs/svc-08:r2; images-horizon.example/batch-jobs/svc-09:r3,SYN-2025-013563; SYN-2024-013582; SYN-2024-013601; SYN-2025-013620; SYN-2024-013639,18,36,78,32,164,GCP-Sim,Testing,SIM-CORE-EPSILON,v1.36.1-sim,Daniel Harris,Cloud Defense,westcentralus,containers-vista.example,rg-sim-vertex-4,2026-07-07,7,79.5,Escalated,daniel.harris@email.com
k8s-vantage-tes-12,platform-tools,https://api-vantage-12.japaneast.synthetic.invalid,Block,14,registry-meridian.example/platform-tools/svc-07:r1; registry-orbit.example/platform-tools/svc-08:r2; images-horizon.example/platform-tools/svc-09:r3; containers-vista.example/platform-tools/svc-10:r4,SYN-2025-013700; SYN-2026-013719; SYN-2026-013738; SYN-2026-013757; SYN-2025-013776,12,16,55,17,100,Azure-Sim,Testing,SIM-PLATFORM-ALPHA,v1.34.2-sim,Melissa Turner,Infrastructure Risk,uksouth,images-horizon.example,rg-sim-lighthouse-5,2026-07-08,7,50.4,Escalated,melissa.turner@email.com
k8s-orion-pro-13,scheduler,https://api-orion-13.northcentralus.synthetic.invalid,Audit,27,registry-orbit.example/scheduler/svc-08:r2; images-horizon.example/scheduler/svc-09:r3; containers-vista.example/scheduler/svc-10:r4; artifacts-pulse.example/scheduler/svc-11:r5,SYN-2025-013837; SYN-2025-013856; SYN-2025-013875,11,46,127,40,224,AWS-Sim,Production,SIM-DATA-GAMMA,v1.35.3-sim,Christopher Evans,Product Security,northcentralus,registry-orbit.example,rg-sim-orion-1,2026-07-09,7,60.9,In Remediation,christopher.evans@email.com
k8s-zephyr-pro-14,catalog-api,https://api-zephyr-14.westcentralus.synthetic.invalid,Observe,31,images-horizon.example/catalog-api/svc-09:r3,SYN-2026-013974; SYN-2025-013993,1,30,41,6,78,GCP-Sim,Production,SIM-CORE-EPSILON,v1.36.4-sim,Rachel Morgan,Platform Assurance,canadacentral,registry-meridian.example,rg-sim-zenith-2,2026-07-10,14,16.1,In Remediation,rachel.morgan@email.com
k8s-lyra-pro-15,message-bus,https://api-lyra-15.canadacentral.synthetic.invalid,Block,106,containers-vista.example/message-bus/svc-10:r4; artifacts-pulse.example/message-bus/svc-11:r5; registry-meridian.example/message-bus/svc-12:r6; registry-orbit.example/message-bus/svc-13:r7,SYN-2026-014111; SYN-2024-014130; SYN-2024-014149; SYN-2026-014168; SYN-2026-014187,16,81,360,15,472,Azure-Sim,Production,SIM-PLATFORM-ALPHA,v1.34.5-sim,Andrew Collins,DevSecOps Enablement,japaneast,artifacts-pulse.example,rg-sim-horizon-3,2026-07-11,7,100.0,Escalated,andrew.collins@email.com
k8s-solstice-pro-16,customer-api,https://api-solstice-16.uksouth.synthetic.invalid,Audit,113,artifacts-pulse.example/customer-api/svc-11:r5; registry-meridian.example/customer-api/svc-12:r6,SYN-2026-014248; SYN-2026-014267,9,168,436,114,727,AWS-Sim,Production,SIM-DATA-GAMMA,v1.35.6-sim,Stephanie Brooks,Security Operations,westcentralus,containers-vista.example,rg-sim-vertex-4,2026-07-12,14,100.0,In Remediation,stephanie.brooks@email.com
k8s-aurora-pro-17,identity-hub,https://api-aurora-17.japaneast.synthetic.invalid,Observe,82,registry-meridian.example/identity-hub/svc-12:r6; registry-orbit.example/identity-hub/svc-13:r7; images-horizon.example/identity-hub/svc-14:r8; containers-vista.example/identity-hub/svc-15:r9,SYN-2025-014385; SYN-2024-014404,18,106,357,101,582,GCP-Sim,Production,SIM-CORE-EPSILON,v1.36.7-sim,Kevin Mitchell,Container Engineering,uksouth,images-horizon.example,rg-sim-lighthouse-5,2026-07-13,7,100.0,Escalated,kevin.mitchell@email.com
k8s-vertex-pro-11,policy-engine,https://api-vertex-11.northcentralus.synthetic.invalid,Block,14,registry-orbit.example/policy-engine/svc-13:r7; images-horizon.example/policy-engine/svc-14:r8; containers-vista.example/policy-engine/svc-15:r9; artifacts-pulse.example/policy-engine/svc-16:r1,SYN-2026-014522; SYN-2025-014541; SYN-2024-014560; SYN-2025-014579; SYN-2026-014598; SYN-2025-014617,4,12,66,4,86,Azure-Sim,Production,SIM-PLATFORM-ALPHA,v1.34.1-sim,Laura Bennett,Cloud Defense,northcentralus,registry-orbit.example,rg-sim-orion-1,2026-07-14,14,21.5,In Remediation,laura.bennett@email.com
k8s-nebula-pro-12,auth-gateway,https://api-nebula-12.westcentralus.synthetic.invalid,Audit,3,images-horizon.example/auth-gateway/svc-14:r8; containers-vista.example/auth-gateway/svc-15:r9; artifacts-pulse.example/auth-gateway/svc-16:r1; registry-meridian.example/auth-gateway/svc-17:r2,SYN-2024-014659; SYN-2025-014678; SYN-2026-014697; SYN-2024-014716,2,8,3,2,15,AWS-Sim,Production,SIM-DATA-GAMMA,v1.35.2-sim,Brian Cooper,Infrastructure Risk,canadacentral,registry-meridian.example,rg-sim-zenith-2,2026-07-15,14,10.0,In Remediation,brian.cooper@email.com
k8s-quasar-pro-13,analytics,https://api-quasar-13.canadacentral.synthetic.invalid,Observe,109,containers-vista.example/analytics/svc-15:r9; artifacts-pulse.example/analytics/svc-16:r1,SYN-2024-014796; SYN-2026-014815,4,121,508,58,691,GCP-Sim,Production,SIM-CORE-EPSILON,v1.36.3-sim,Nicole Foster,Product Security,japaneast,artifacts-pulse.example,rg-sim-horizon-3,2026-07-16,14,81.8,In Remediation,nicole.foster@email.com
k8s-cobalt-pro-14,order-stream,https://api-cobalt-14.uksouth.synthetic.invalid,Block,89,artifacts-pulse.example/order-stream/svc-16:r1; registry-meridian.example/order-stream/svc-17:r2; registry-orbit.example/order-stream/svc-18:r3; images-horizon.example/order-stream/svc-19:r4,SYN-2024-014933; SYN-2024-014952,14,125,304,43,486,Azure-Sim,Production,SIM-PLATFORM-ALPHA,v1.34.4-sim,Jason Reed,Platform Assurance,westcentralus,containers-vista.example,rg-sim-vertex-4,2026-07-17,7,100.0,Escalated,jason.reed@email.com
k8s-ember-pro-15,data-pipeline,https://api-ember-15.japaneast.synthetic.invalid,Audit,82,registry-meridian.example/data-pipeline/svc-17:r2,SYN-2025-015070; SYN-2026-015089,22,68,325,23,438,AWS-Sim,Production,SIM-DATA-GAMMA,v1.35.5-sim,Emily Sanders,DevSecOps Enablement,uksouth,images-horizon.example,rg-sim-lighthouse-5,2026-07-18,7,100.0,Escalated,emily.sanders@email.com
k8s-harbor-pro-16,inventory,https://api-harbor-16.northcentralus.synthetic.invalid,Observe,128,registry-orbit.example/inventory/svc-18:r3; images-horizon.example/inventory/svc-19:r4; containers-vista.example/inventory/svc-20:r5; artifacts-pulse.example/inventory/svc-21:r6,SYN-2026-015207; SYN-2025-015226,14,266,609,90,979,GCP-Sim,Production,SIM-CORE-EPSILON,v1.36.6-sim,Matthew Clark,Security Operations,northcentralus,registry-orbit.example,rg-sim-orion-1,2026-07-19,7,100.0,Escalated,matthew.clark@email.com
k8s-summit-pro-17,payments-core,https://api-summit-17.westcentralus.synthetic.invalid,Block,116,images-horizon.example/payments-core/svc-19:r4; containers-vista.example/payments-core/svc-20:r5; artifacts-pulse.example/payments-core/svc-21:r6; registry-meridian.example/payments-core/svc-22:r7,SYN-2025-015344; SYN-2025-015363; SYN-2025-015382; SYN-2026-015401; SYN-2026-015420,14,143,142,46,345,Azure-Sim,Production,SIM-PLATFORM-ALPHA,v1.34.7-sim,Rebecca Hayes,Container Engineering,canadacentral,registry-meridian.example,rg-sim-zenith-2,2026-07-20,7,100.0,Escalated,rebecca.hayes@email.com
k8s-lattice-pro-11,edge-router,https://api-lattice-11.canadacentral.synthetic.invalid,Audit,53,containers-vista.example/edge-router/svc-20:r5; artifacts-pulse.example/edge-router/svc-21:r6; registry-meridian.example/edge-router/svc-22:r7; registry-orbit.example/edge-router/svc-00:r8,SYN-2024-015481; SYN-2025-015500,13,21,226,51,311,AWS-Sim,Production,SIM-DATA-GAMMA,v1.35.1-sim,Jonathan Price,Cloud Defense,japaneast,artifacts-pulse.example,rg-sim-horizon-3,2026-07-21,7,64.2,Escalated,jonathan.price@email.com
k8s-phoenix-pro-12,reporting,https://api-phoenix-12.uksouth.synthetic.invalid,Observe,98,artifacts-pulse.example/reporting/svc-21:r6; registry-meridian.example/reporting/svc-22:r7; registry-orbit.example/reporting/svc-00:r8; images-horizon.example/reporting/svc-01:r9,SYN-2026-015618; SYN-2026-015637,4,83,218,14,319,GCP-Sim,Production,SIM-CORE-EPSILON,v1.36.2-sim,Megan Russell,Infrastructure Risk,westcentralus,containers-vista.example,rg-sim-vertex-4,2026-07-22,14,53.9,In Remediation,megan.russell@email.com
k8s-raven-pro-13,workflow,https://api-raven-13.japaneast.synthetic.invalid,Block,117,registry-meridian.example/workflow/svc-22:r7; registry-orbit.example/workflow/svc-00:r8; images-horizon.example/workflow/svc-01:r9; containers-vista.example/workflow/svc-02:r1,SYN-2026-015755; SYN-2025-015774; SYN-2026-015793; SYN-2024-015812; SYN-2025-015831; SYN-2025-015850,9,73,500,60,642,Azure-Sim,Production,SIM-PLATFORM-ALPHA,v1.34.3-sim,Steven Ward,Product Security,uksouth,images-horizon.example,rg-sim-lighthouse-5,2026-07-23,14,82.0,In Remediation,steven.ward@email.com
k8s-cedar-pro-14,telemetry,https://api-cedar-14.northcentralus.synthetic.invalid,Audit,58,registry-orbit.example/telemetry/svc-00:r8; images-horizon.example/telemetry/svc-01:r9; containers-vista.example/telemetry/svc-02:r1; artifacts-pulse.example/telemetry/svc-03:r2,SYN-2025-015892; SYN-2026-015911; SYN-2024-015930; SYN-2024-015949; SYN-2026-015968; SYN-2024-015987,16,44,124,76,260,AWS-Sim,Production,SIM-DATA-GAMMA,v1.35.4-sim,Ashley Coleman,Platform Assurance,northcentralus,registry-orbit.example,rg-sim-orion-1,2026-07-01,7,77.6,Escalated,ashley.coleman@email.com
k8s-mariner-pro-15,batch-jobs,https://api-mariner-15.westcentralus.synthetic.invalid,Observe,162,images-horizon.example/batch-jobs/svc-01:r9; containers-vista.example/batch-jobs/svc-02:r1; artifacts-pulse.example/batch-jobs/svc-03:r2; registry-meridian.example/batch-jobs/svc-04:r3,SYN-2026-016029; SYN-2026-016048; SYN-2026-016067; SYN-2025-016086; SYN-2024-016105; SYN-2025-016124,6,35,924,228,1193,GCP-Sim,Production,SIM-CORE-EPSILON,v1.36.5-sim,Patrick Murphy,DevSecOps Enablement,canadacentral,registry-meridian.example,rg-sim-zenith-2,2026-07-02,14,79.5,In Remediation,patrick.murphy@email.com
k8s-atlas-pro-16,platform-tools,https://api-atlas-16.canadacentral.synthetic.invalid,Block,25,containers-vista.example/platform-tools/svc-02:r1; artifacts-pulse.example/platform-tools/svc-03:r2; registry-meridian.example/platform-tools/svc-04:r3; registry-orbit.example/platform-tools/svc-05:r4,SYN-2026-016166; SYN-2024-016185; SYN-2026-016204; SYN-2026-016223; SYN-2026-016242; SYN-2024-016261,8,69,59,13,149,Azure-Sim,Production,SIM-PLATFORM-ALPHA,v1.34.6-sim,Lauren Hughes,Security Operations,japaneast,artifacts-pulse.example,rg-sim-horizon-3,2026-07-03,14,55.1,In Remediation,lauren.hughes@email.com
k8s-cosmos-pro-17,scheduler,https://api-cosmos-17.uksouth.synthetic.invalid,Audit,88,artifacts-pulse.example/scheduler/svc-03:r2; registry-meridian.example/scheduler/svc-04:r3; registry-orbit.example/scheduler/svc-05:r4; images-horizon.example/scheduler/svc-06:r5,SYN-2024-016303; SYN-2024-016322; SYN-2024-016341; SYN-2024-016360; SYN-2024-016379; SYN-2024-016398,12,232,263,22,529,AWS-Sim,Production,SIM-DATA-GAMMA,v1.35.7-sim,Eric Bailey,Container Engineering,westcentralus,containers-vista.example,rg-sim-vertex-4,2026-07-04,7,100.0,Escalated,eric.bailey@email.com
k8s-vantage-pro-11,catalog-api,https://api-vantage-11.japaneast.synthetic.invalid,Observe,108,registry-meridian.example/catalog-api/svc-04:r3; registry-orbit.example/catalog-api/svc-05:r4; images-horizon.example/catalog-api/svc-06:r5; containers-vista.example/catalog-api/svc-07:r6,SYN-2025-016440; SYN-2025-016459; SYN-2026-016478; SYN-2024-016497; SYN-2025-016516; SYN-2024-016535,11,127,558,207,903,GCP-Sim,Production,SIM-CORE-EPSILON,v1.36.1-sim,Brittany Ross,Cloud Defense,uksouth,images-horizon.example,rg-sim-lighthouse-5,2026-07-05,7,100.0,In Remediation,brittany.ross@email.com
k8s-orion-sta-12,message-bus,https://api-orion-12.northcentralus.synthetic.invalid,Block,97,registry-orbit.example/message-bus/svc-05:r4; images-horizon.example/message-bus/svc-06:r5; containers-vista.example/message-bus/svc-07:r6; artifacts-pulse.example/message-bus/svc-08:r7,SYN-2025-016577; SYN-2024-016596; SYN-2026-016615; SYN-2025-016634,19,156,528,52,755,Azure-Sim,Staging,SIM-PLATFORM-ALPHA,v1.34.2-sim,John Doe,Infrastructure Risk,northcentralus,registry-orbit.example,rg-sim-orion-1,2026-07-06,7,100.0,Escalated,john.doe@email.com
k8s-zephyr-sta-13,customer-api,https://api-zephyr-13.westcentralus.synthetic.invalid,Audit,43,images-horizon.example/customer-api/svc-06:r5; containers-vista.example/customer-api/svc-07:r6; artifacts-pulse.example/customer-api/svc-08:r7; registry-meridian.example/customer-api/svc-09:r8,SYN-2024-016714; SYN-2025-016733; SYN-2024-016752; SYN-2026-016771; SYN-2024-016790,17,41,221,19,298,AWS-Sim,Staging,SIM-DATA-GAMMA,v1.35.3-sim,Scott Smith,Product Security,canadacentral,registry-meridian.example,rg-sim-zenith-2,2026-07-07,7,84.9,Escalated,scott.smith@email.com
k8s-lyra-sta-14,identity-hub,https://api-lyra-14.canadacentral.synthetic.invalid,Observe,25,containers-vista.example/identity-hub/svc-07:r6; artifacts-pulse.example/identity-hub/svc-08:r7; registry-meridian.example/identity-hub/svc-09:r8; registry-orbit.example/identity-hub/svc-10:r9,SYN-2026-016851; SYN-2026-016870; SYN-2025-016889,20,11,113,22,166,GCP-Sim,Staging,SIM-CORE-EPSILON,v1.36.4-sim,Michael Carter,Platform Assurance,japaneast,artifacts-pulse.example,rg-sim-horizon-3,2026-07-08,7,79.5,Escalated,michael.carter@email.com
k8s-solstice-sta-15,policy-engine,https://api-solstice-15.uksouth.synthetic.invalid,Block,102,artifacts-pulse.example/policy-engine/svc-08:r7,SYN-2025-016988; SYN-2026-017007,2,89,321,128,540,Azure-Sim,Staging,SIM-PLATFORM-ALPHA,v1.34.5-sim,Sarah Johnson,DevSecOps Enablement,westcentralus,containers-vista.example,rg-sim-vertex-4,2026-07-09,14,54.2,In Remediation,sarah.johnson@email.com
k8s-aurora-sta-16,auth-gateway,https://api-aurora-16.japaneast.synthetic.invalid,Audit,88,registry-meridian.example/auth-gateway/svc-09:r8; registry-orbit.example/auth-gateway/svc-10:r9; images-horizon.example/auth-gateway/svc-11:r1,SYN-2026-017125; SYN-2025-017144,14,149,382,140,685,AWS-Sim,Staging,SIM-DATA-GAMMA,v1.35.6-sim,David Thompson,Security Operations,uksouth,images-horizon.example,rg-sim-lighthouse-5,2026-07-10,7,100.0,Escalated,david.thompson@email.com
k8s-vertex-sta-17,analytics,https://api-vertex-17.northcentralus.synthetic.invalid,Observe,163,registry-orbit.example/analytics/svc-10:r9; images-horizon.example/analytics/svc-11:r1,SYN-2026-017262; SYN-2025-017281,8,124,418,296,846,GCP-Sim,Staging,SIM-CORE-EPSILON,v1.36.7-sim,Jennifer Miller,Container Engineering,northcentralus,registry-orbit.example,rg-sim-orion-1,2026-07-11,14,92.3,In Remediation,jennifer.miller@email.com
k8s-nebula-sta-11,order-stream,https://api-nebula-11.westcentralus.synthetic.invalid,Block,137,images-horizon.example/order-stream/svc-11:r1; containers-vista.example/order-stream/svc-12:r2; artifacts-pulse.example/order-stream/svc-13:r3; registry-meridian.example/order-stream/svc-14:r4,SYN-2025-017399; SYN-2025-017418; SYN-2024-017437; SYN-2024-017456; SYN-2024-017475; SYN-2026-017494,2,124,219,145,490,Azure-Sim,Staging,SIM-PLATFORM-ALPHA,v1.34.1-sim,Robert Wilson,Cloud Defense,canadacentral,registry-meridian.example,rg-sim-zenith-2,2026-07-12,14,61.4,In Remediation,robert.wilson@email.com
k8s-quasar-sta-12,data-pipeline,https://api-quasar-12.canadacentral.synthetic.invalid,Audit,44,containers-vista.example/data-pipeline/svc-12:r2; artifacts-pulse.example/data-pipeline/svc-13:r3; registry-meridian.example/data-pipeline/svc-14:r4; registry-orbit.example/data-pipeline/svc-15:r5,SYN-2026-017536; SYN-2026-017555; SYN-2025-017574; SYN-2026-017593; SYN-2025-017612,4,30,171,11,216,AWS-Sim,Staging,SIM-DATA-GAMMA,v1.35.2-sim,Amanda Parker,Infrastructure Risk,japaneast,artifacts-pulse.example,rg-sim-horizon-3,2026-07-13,14,33.0,In Remediation,amanda.parker@email.com
k8s-cobalt-sta-13,inventory,https://api-cobalt-13.uksouth.synthetic.invalid,Observe,65,artifacts-pulse.example/inventory/svc-13:r3; registry-meridian.example/inventory/svc-14:r4; registry-orbit.example/inventory/svc-15:r5; images-horizon.example/inventory/svc-16:r6,SYN-2025-017673; SYN-2025-017692; SYN-2026-017711; SYN-2026-017730,8,162,194,9,373,GCP-Sim,Staging,SIM-CORE-EPSILON,v1.36.3-sim,Daniel Harris,Product Security,westcentralus,containers-vista.example,rg-sim-vertex-4,2026-07-14,14,94.4,In Remediation,daniel.harris@email.com
k8s-ember-sta-14,payments-core,https://api-ember-14.japaneast.synthetic.invalid,Block,159,registry-meridian.example/payments-core/svc-14:r4; registry-orbit.example/payments-core/svc-15:r5; images-horizon.example/payments-core/svc-16:r6; containers-vista.example/payments-core/svc-17:r7,SYN-2024-017810; SYN-2025-017829; SYN-2025-017848; SYN-2025-017867; SYN-2025-017886,8,210,346,253,817,Azure-Sim,Staging,SIM-PLATFORM-ALPHA,v1.34.4-sim,Melissa Turner,Platform Assurance,uksouth,images-horizon.example,rg-sim-lighthouse-5,2026-07-15,14,100.0,In Remediation,melissa.turner@email.com
k8s-harbor-sta-15,edge-router,https://api-harbor-15.northcentralus.synthetic.invalid,Audit,147,registry-orbit.example/edge-router/svc-15:r5; images-horizon.example/edge-router/svc-16:r6; containers-vista.example/edge-router/svc-17:r7; artifacts-pulse.example/edge-router/svc-18:r8,SYN-2026-017947; SYN-2024-017966; SYN-2024-017985; SYN-2025-018004; SYN-2024-018023,3,347,415,3,768,AWS-Sim,Staging,SIM-DATA-GAMMA,v1.35.5-sim,Christopher Evans,DevSecOps Enablement,northcentralus,registry-orbit.example,rg-sim-orion-1,2026-07-16,14,100.0,In Remediation,christopher.evans@email.com
k8s-summit-sta-16,reporting,https://api-summit-16.westcentralus.synthetic.invalid,Observe,17,images-horizon.example/reporting/svc-16:r6; containers-vista.example/reporting/svc-17:r7; artifacts-pulse.example/reporting/svc-18:r8; registry-meridian.example/reporting/svc-19:r9,SYN-2026-018084; SYN-2025-018103; SYN-2024-018122; SYN-2025-018141,10,47,69,2,128,GCP-Sim,Staging,SIM-CORE-EPSILON,v1.36.6-sim,Rachel Morgan,Security Operations,canadacentral,registry-meridian.example,rg-sim-zenith-2,2026-07-17,7,54.9,In Remediation,rachel.morgan@email.com
k8s-lattice-sta-17,workflow,https://api-lattice-17.canadacentral.synthetic.invalid,Block,125,containers-vista.example/workflow/svc-17:r7; artifacts-pulse.example/workflow/svc-18:r8; registry-meridian.example/workflow/svc-19:r9; registry-orbit.example/workflow/svc-20:r1,SYN-2026-018221; SYN-2024-018240,11,123,665,193,992,Azure-Sim,Staging,SIM-PLATFORM-ALPHA,v1.34.7-sim,Andrew Collins,Container Engineering,japaneast,artifacts-pulse.example,rg-sim-horizon-3,2026-07-18,7,100.0,In Remediation,andrew.collins@email.com
k8s-phoenix-sta-11,telemetry,https://api-phoenix-11.uksouth.synthetic.invalid,Audit,109,artifacts-pulse.example/telemetry/svc-18:r8; registry-meridian.example/telemetry/svc-19:r9; registry-orbit.example/telemetry/svc-20:r1; images-horizon.example/telemetry/svc-21:r2,SYN-2026-018358; SYN-2025-018377; SYN-2024-018396; SYN-2026-018415; SYN-2026-018434; SYN-2025-018453,9,264,308,108,689,AWS-Sim,Staging,SIM-DATA-GAMMA,v1.35.1-sim,Stephanie Brooks,Cloud Defense,westcentralus,containers-vista.example,rg-sim-vertex-4,2026-07-19,14,100.0,In Remediation,stephanie.brooks@email.com
k8s-raven-sta-12,batch-jobs,https://api-raven-12.japaneast.synthetic.invalid,Observe,157,registry-meridian.example/batch-jobs/svc-19:r9; registry-orbit.example/batch-jobs/svc-20:r1; images-horizon.example/batch-jobs/svc-21:r2; containers-vista.example/batch-jobs/svc-22:r3,SYN-2026-018495; SYN-2024-018514; SYN-2026-018533,14,280,833,294,1421,GCP-Sim,Staging,SIM-CORE-EPSILON,v1.36.2-sim,Kevin Mitchell,Infrastructure Risk,uksouth,images-horizon.example,rg-sim-lighthouse-5,2026-07-20,7,100.0,Escalated,kevin.mitchell@email.com
k8s-cedar-sta-13,platform-tools,https://api-cedar-13.northcentralus.synthetic.invalid,Block,151,registry-orbit.example/platform-tools/svc-20:r1; images-horizon.example/platform-tools/svc-21:r2; containers-vista.example/platform-tools/svc-22:r3; artifacts-pulse.example/platform-tools/svc-00:r4,SYN-2024-018632; SYN-2024-018651; SYN-2024-018670; SYN-2024-018689; SYN-2024-018708; SYN-2025-018727,20,363,464,37,884,Azure-Sim,Staging,SIM-PLATFORM-ALPHA,v1.34.3-sim,Laura Bennett,Product Security,northcentralus,registry-orbit.example,rg-sim-orion-1,2026-07-21,7,100.0,Escalated,laura.bennett@email.com
k8s-mariner-sta-14,scheduler,https://api-mariner-14.westcentralus.synthetic.invalid,Audit,19,images-horizon.example/scheduler/svc-21:r2; containers-vista.example/scheduler/svc-22:r3; artifacts-pulse.example/scheduler/svc-00:r4; registry-meridian.example/scheduler/svc-01:r5,SYN-2026-018769; SYN-2024-018788; SYN-2025-018807; SYN-2026-018826; SYN-2024-018845; SYN-2026-018864,13,41,93,37,184,AWS-Sim,Staging,SIM-DATA-GAMMA,v1.35.4-sim,Brian Cooper,Platform Assurance,canadacentral,registry-meridian.example,rg-sim-zenith-2,2026-07-22,7,64.5,Escalated,brian.cooper@email.com
k8s-atlas-sta-15,catalog-api,https://api-atlas-15.canadacentral.synthetic.invalid,Observe,33,containers-vista.example/catalog-api/svc-22:r3,SYN-2025-018906; SYN-2025-018925,19,79,172,8,278,GCP-Sim,Staging,SIM-CORE-EPSILON,v1.36.5-sim,Nicole Foster,DevSecOps Enablement,japaneast,artifacts-pulse.example,rg-sim-horizon-3,2026-07-23,7,100.0,Escalated,nicole.foster@email.com
k8s-cosmos-sta-16,message-bus,https://api-cosmos-16.uksouth.synthetic.invalid,Block,52,artifacts-pulse.example/message-bus/svc-00:r4; registry-meridian.example/message-bus/svc-01:r5; registry-orbit.example/message-bus/svc-02:r6; images-horizon.example/message-bus/svc-03:r7,SYN-2024-019043; SYN-2024-019062; SYN-2024-019081,13,75,236,19,343,Azure-Sim,Staging,SIM-PLATFORM-ALPHA,v1.34.6-sim,Jason Reed,Security Operations,westcentralus,containers-vista.example,rg-sim-vertex-4,2026-07-01,7,83.5,Escalated,jason.reed@email.com
k8s-vantage-sta-17,customer-api,https://api-vantage-17.japaneast.synthetic.invalid,Audit,89,registry-meridian.example/customer-api/svc-01:r5; registry-orbit.example/customer-api/svc-02:r6; images-horizon.example/customer-api/svc-03:r7; containers-vista.example/customer-api/svc-04:r8,SYN-2025-019180; SYN-2024-019199,3,151,258,77,489,AWS-Sim,Staging,SIM-DATA-GAMMA,v1.35.7-sim,Emily Sanders,Container Engineering,uksouth,images-horizon.example,rg-sim-lighthouse-5,2026-07-02,14,76.2,In Remediation,emily.sanders@email.com
k8s-orion-dev-11,identity-hub,https://api-orion-11.northcentralus.synthetic.invalid,Observe,84,registry-orbit.example/identity-hub/svc-02:r6; images-horizon.example/identity-hub/svc-03:r7; containers-vista.example/identity-hub/svc-04:r8; artifacts-pulse.example/identity-hub/svc-05:r9,SYN-2025-019317; SYN-2025-019336; SYN-2024-019355,14,125,376,53,568,GCP-Sim,Development,SIM-CORE-EPSILON,v1.36.1-sim,Matthew Clark,Cloud Defense,northcentralus,registry-orbit.example,rg-sim-orion-1,2026-07-03,7,100.0,Escalated,matthew.clark@email.com
k8s-zephyr-dev-12,policy-engine,https://api-zephyr-12.westcentralus.synthetic.invalid,Block,100,images-horizon.example/policy-engine/svc-03:r7; containers-vista.example/policy-engine/svc-04:r8; artifacts-pulse.example/policy-engine/svc-05:r9; registry-meridian.example/policy-engine/svc-06:r1,SYN-2025-019454; SYN-2024-019473; SYN-2024-019492; SYN-2025-019511; SYN-2026-019530; SYN-2024-019549,14,233,425,67,739,Azure-Sim,Development,SIM-PLATFORM-ALPHA,v1.34.2-sim,Rebecca Hayes,Infrastructure Risk,canadacentral,registry-meridian.example,rg-sim-zenith-2,2026-07-04,7,100.0,Escalated,rebecca.hayes@email.com
k8s-lyra-dev-13,auth-gateway,https://api-lyra-13.canadacentral.synthetic.invalid,Audit,104,containers-vista.example/auth-gateway/svc-04:r8; artifacts-pulse.example/auth-gateway/svc-05:r9; registry-meridian.example/auth-gateway/svc-06:r1; registry-orbit.example/auth-gateway/svc-07:r2,SYN-2025-019591; SYN-2025-019610; SYN-2026-019629; SYN-2024-019648; SYN-2025-019667; SYN-2025-019686,4,234,428,72,738,AWS-Sim,Development,SIM-DATA-GAMMA,v1.35.3-sim,Jonathan Price,Product Security,japaneast,artifacts-pulse.example,rg-sim-horizon-3,2026-07-05,14,100.0,In Remediation,jonathan.price@email.com
k8s-solstice-dev-14,analytics,https://api-solstice-14.uksouth.synthetic.invalid,Observe,132,artifacts-pulse.example/analytics/svc-05:r9; registry-meridian.example/analytics/svc-06:r1; registry-orbit.example/analytics/svc-07:r2,SYN-2026-019728; SYN-2024-019747,20,317,353,64,754,GCP-Sim,Development,SIM-CORE-EPSILON,v1.36.4-sim,Megan Russell,Platform Assurance,westcentralus,containers-vista.example,rg-sim-vertex-4,2026-07-06,7,100.0,Escalated,megan.russell@email.com
k8s-aurora-dev-15,order-stream,https://api-aurora-15.japaneast.synthetic.invalid,Block,77,registry-meridian.example/order-stream/svc-06:r1; registry-orbit.example/order-stream/svc-07:r2; images-horizon.example/order-stream/svc-08:r3; containers-vista.example/order-stream/svc-09:r4,SYN-2025-019865; SYN-2026-019884; SYN-2024-019903; SYN-2024-019922,3,193,379,151,726,Azure-Sim,Development,SIM-PLATFORM-ALPHA,v1.34.5-sim,Steven Ward,DevSecOps Enablement,uksouth,images-horizon.example,rg-sim-lighthouse-5,2026-07-07,14,97.0,In Remediation,steven.ward@email.com
k8s-vertex-dev-16,data-pipeline,https://api-vertex-16.northcentralus.synthetic.invalid,Audit,117,registry-orbit.example/data-pipeline/svc-07:r2; images-horizon.example/data-pipeline/svc-08:r3; containers-vista.example/data-pipeline/svc-09:r4; artifacts-pulse.example/data-pipeline/svc-10:r5,SYN-2024-020002; SYN-2024-020021; SYN-2026-020040; SYN-2024-020059; SYN-2026-020078; SYN-2026-020097,7,35,124,151,317,AWS-Sim,Development,SIM-DATA-GAMMA,v1.35.6-sim,Ashley Coleman,Security Operations,northcentralus,registry-orbit.example,rg-sim-orion-1,2026-07-08,14,43.0,In Remediation,ashley.coleman@email.com
k8s-nebula-dev-17,inventory,https://api-nebula-17.westcentralus.synthetic.invalid,Observe,23,images-horizon.example/inventory/svc-08:r3; containers-vista.example/inventory/svc-09:r4; artifacts-pulse.example/inventory/svc-10:r5; registry-meridian.example/inventory/svc-11:r6,SYN-2024-020139; SYN-2025-020158; SYN-2026-020177; SYN-2024-020196; SYN-2025-020215; SYN-2024-020234,1,63,120,2,186,GCP-Sim,Development,SIM-CORE-EPSILON,v1.36.7-sim,Patrick Murphy,Container Engineering,canadacentral,registry-meridian.example,rg-sim-zenith-2,2026-07-09,14,31.5,In Remediation,patrick.murphy@email.com
k8s-quasar-dev-11,payments-core,https://api-quasar-11.canadacentral.synthetic.invalid,Block,68,containers-vista.example/payments-core/svc-09:r4; artifacts-pulse.example/payments-core/svc-10:r5; registry-meridian.example/payments-core/svc-11:r6; registry-orbit.example/payments-core/svc-12:r7,SYN-2026-020276; SYN-2024-020295; SYN-2026-020314; SYN-2025-020333; SYN-2026-020352; SYN-2025-020371,4,54,339,111,508,Azure-Sim,Development,SIM-PLATFORM-ALPHA,v1.34.1-sim,Lauren Hughes,Cloud Defense,japaneast,artifacts-pulse.example,rg-sim-horizon-3,2026-07-10,14,49.8,In Remediation,lauren.hughes@email.com
k8s-cobalt-dev-12,edge-router,https://api-cobalt-12.uksouth.synthetic.invalid,Audit,140,artifacts-pulse.example/edge-router/svc-10:r5; registry-meridian.example/edge-router/svc-11:r6; registry-orbit.example/edge-router/svc-12:r7; images-horizon.example/edge-router/svc-13:r8,SYN-2025-020413; SYN-2024-020432,22,124,435,128,709,AWS-Sim,Development,SIM-DATA-GAMMA,v1.35.2-sim,Eric Bailey,Infrastructure Risk,westcentralus,containers-vista.example,rg-sim-vertex-4,2026-07-11,7,100.0,Escalated,eric.bailey@email.com
k8s-ember-dev-13,reporting,https://api-ember-13.japaneast.synthetic.invalid,Observe,127,registry-meridian.example/reporting/svc-11:r6; registry-orbit.example/reporting/svc-12:r7; images-horizon.example/reporting/svc-13:r8; containers-vista.example/reporting/svc-14:r9,SYN-2025-020550; SYN-2024-020569; SYN-2025-020588; SYN-2024-020607,20,49,618,166,853,GCP-Sim,Development,SIM-CORE-EPSILON,v1.36.3-sim,Brittany Ross,Product Security,uksouth,images-horizon.example,rg-sim-lighthouse-5,2026-07-12,7,100.0,Escalated,brittany.ross@email.com
k8s-harbor-dev-14,workflow,https://api-harbor-14.northcentralus.synthetic.invalid,Block,74,registry-orbit.example/workflow/svc-12:r7; images-horizon.example/workflow/svc-13:r8; containers-vista.example/workflow/svc-14:r9,SYN-2026-020687; SYN-2024-020706,13,177,204,116,510,Azure-Sim,Development,SIM-PLATFORM-ALPHA,v1.34.4-sim,John Doe,Platform Assurance,northcentralus,registry-orbit.example,rg-sim-orion-1,2026-07-13,7,100.0,Escalated,john.doe@email.com
k8s-summit-dev-15,telemetry,https://api-summit-15.westcentralus.synthetic.invalid,Audit,62,images-horizon.example/telemetry/svc-13:r8; containers-vista.example/telemetry/svc-14:r9; artifacts-pulse.example/telemetry/svc-15:r1; registry-meridian.example/telemetry/svc-16:r2,SYN-2026-020824; SYN-2026-020843; SYN-2026-020862; SYN-2025-020881; SYN-2025-020900; SYN-2024-020919,18,43,125,108,294,AWS-Sim,Development,SIM-DATA-GAMMA,v1.35.5-sim,Scott Smith,DevSecOps Enablement,canadacentral,registry-meridian.example,rg-sim-zenith-2,2026-07-14,7,84.3,Escalated,scott.smith@email.com
k8s-lattice-dev-16,batch-jobs,https://api-lattice-16.canadacentral.synthetic.invalid,Observe,122,containers-vista.example/batch-jobs/svc-14:r9; artifacts-pulse.example/batch-jobs/svc-15:r1; registry-meridian.example/batch-jobs/svc-16:r2; registry-orbit.example/batch-jobs/svc-17:r3,SYN-2024-020961; SYN-2024-020980; SYN-2026-020999; SYN-2024-021018; SYN-2026-021037; SYN-2025-021056,9,222,666,182,1079,GCP-Sim,Development,SIM-CORE-EPSILON,v1.36.6-sim,Michael Carter,Security Operations,japaneast,artifacts-pulse.example,rg-sim-horizon-3,2026-07-15,14,100.0,In Remediation,michael.carter@email.com
k8s-phoenix-dev-17,platform-tools,https://api-phoenix-17.uksouth.synthetic.invalid,Block,27,artifacts-pulse.example/platform-tools/svc-15:r1; registry-meridian.example/platform-tools/svc-16:r2; registry-orbit.example/platform-tools/svc-17:r3; images-horizon.example/platform-tools/svc-18:r4,SYN-2026-021098; SYN-2026-021117; SYN-2026-021136; SYN-2025-021155,7,62,56,47,172,Azure-Sim,Development,SIM-PLATFORM-ALPHA,v1.34.7-sim,Sarah Johnson,Container Engineering,westcentralus,containers-vista.example,rg-sim-vertex-4,2026-07-16,14,49.0,In Remediation,sarah.johnson@email.com
k8s-raven-dev-11,scheduler,https://api-raven-11.japaneast.synthetic.invalid,Audit,150,registry-meridian.example/scheduler/svc-16:r2; registry-orbit.example/scheduler/svc-17:r3; images-horizon.example/scheduler/svc-18:r4; containers-vista.example/scheduler/svc-19:r5,SYN-2026-021235; SYN-2024-021254; SYN-2025-021273; SYN-2026-021292; SYN-2024-021311; SYN-2026-021330,19,289,578,146,1032,AWS-Sim,Development,SIM-DATA-GAMMA,v1.35.1-sim,David Thompson,Cloud Defense,uksouth,images-horizon.example,rg-sim-lighthouse-5,2026-07-17,7,100.0,Escalated,david.thompson@email.com
k8s-cedar-dev-12,catalog-api,https://api-cedar-12.northcentralus.synthetic.invalid,Observe,137,registry-orbit.example/catalog-api/svc-17:r3; images-horizon.example/catalog-api/svc-18:r4; containers-vista.example/catalog-api/svc-19:r5; artifacts-pulse.example/catalog-api/svc-20:r6,SYN-2024-021372; SYN-2025-021391; SYN-2026-021410; SYN-2026-021429; SYN-2026-021448; SYN-2025-021467,7,92,721,118,938,GCP-Sim,Development,SIM-CORE-EPSILON,v1.36.2-sim,Jennifer Miller,Infrastructure Risk,northcentralus,registry-orbit.example,rg-sim-orion-1,2026-07-18,14,92.8,In Remediation,jennifer.miller@email.com
k8s-mariner-dev-13,message-bus,https://api-mariner-13.westcentralus.synthetic.invalid,Block,34,images-horizon.example/message-bus/svc-18:r4; containers-vista.example/message-bus/svc-19:r5; artifacts-pulse.example/message-bus/svc-20:r6; registry-meridian.example/message-bus/svc-21:r7,SYN-2026-021509; SYN-2025-021528; SYN-2025-021547; SYN-2026-021566; SYN-2024-021585; SYN-2024-021604,16,17,203,45,281,Azure-Sim,Development,SIM-PLATFORM-ALPHA,v1.34.3-sim,Robert Wilson,Product Security,canadacentral,registry-meridian.example,rg-sim-zenith-2,2026-07-19,7,72.1,Escalated,robert.wilson@email.com
k8s-atlas-dev-14,customer-api,https://api-atlas-14.canadacentral.synthetic.invalid,Audit,84,containers-vista.example/customer-api/svc-19:r5; artifacts-pulse.example/customer-api/svc-20:r6; registry-meridian.example/customer-api/svc-21:r7; registry-orbit.example/customer-api/svc-22:r8,SYN-2025-021646; SYN-2026-021665; SYN-2024-021684,19,86,433,160,698,AWS-Sim,Development,SIM-DATA-GAMMA,v1.35.4-sim,Amanda Parker,Platform Assurance,japaneast,artifacts-pulse.example,rg-sim-horizon-3,2026-07-20,7,100.0,Escalated,amanda.parker@email.com
k8s-cosmos-dev-15,identity-hub,https://api-cosmos-15.uksouth.synthetic.invalid,Observe,36,artifacts-pulse.example/identity-hub/svc-20:r6; registry-meridian.example/identity-hub/svc-21:r7; registry-orbit.example/identity-hub/svc-22:r8; images-horizon.example/identity-hub/svc-00:r9,SYN-2024-021783; SYN-2024-021802; SYN-2026-021821; SYN-2025-021840; SYN-2025-021859; SYN-2026-021878,6,30,120,39,195,GCP-Sim,Development,SIM-CORE-EPSILON,v1.36.5-sim,Daniel Harris,DevSecOps Enablement,westcentralus,containers-vista.example,rg-sim-vertex-4,2026-07-21,14,37.5,In Remediation,daniel.harris@email.com
k8s-vantage-dev-16,policy-engine,https://api-vantage-16.japaneast.synthetic.invalid,Block,49,registry-meridian.example/policy-engine/svc-21:r7; registry-orbit.example/policy-engine/svc-22:r8,SYN-2025-021920; SYN-2025-021939,0,30,288,85,403,Azure-Sim,Development,SIM-PLATFORM-ALPHA,v1.34.6-sim,Melissa Turner,Security Operations,uksouth,images-horizon.example,rg-sim-lighthouse-5,2026-07-22,30,24.9,Monitoring,melissa.turner@email.com
k8s-orion-san-17,auth-gateway,https://api-orion-17.northcentralus.synthetic.invalid,Audit,53,registry-orbit.example/auth-gateway/svc-22:r8,SYN-2026-022057; SYN-2025-022076,3,44,211,49,307,AWS-Sim,Sandbox,SIM-DATA-GAMMA,v1.35.7-sim,Christopher Evans,Container Engineering,northcentralus,registry-orbit.example,rg-sim-orion-1,2026-07-23,14,36.5,In Remediation,christopher.evans@email.com
k8s-zephyr-san-11,analytics,https://api-zephyr-11.westcentralus.synthetic.invalid,Observe,74,images-horizon.example/analytics/svc-00:r9; containers-vista.example/analytics/svc-01:r1; artifacts-pulse.example/analytics/svc-02:r2; registry-meridian.example/analytics/svc-03:r3,SYN-2026-022194; SYN-2024-022213; SYN-2024-022232; SYN-2025-022251; SYN-2024-022270; SYN-2026-022289,4,112,433,31,580,GCP-Sim,Sandbox,SIM-CORE-EPSILON,v1.36.1-sim,Rachel Morgan,Cloud Defense,canadacentral,registry-meridian.example,rg-sim-zenith-2,2026-07-01,14,74.8,In Remediation,rachel.morgan@email.com
k8s-lyra-san-12,order-stream,https://api-lyra-12.canadacentral.synthetic.invalid,Block,35,containers-vista.example/order-stream/svc-01:r1; artifacts-pulse.example/order-stream/svc-02:r2; registry-meridian.example/order-stream/svc-03:r3; registry-orbit.example/order-stream/svc-04:r4,SYN-2024-022331; SYN-2024-022350,8,25,109,33,175,Azure-Sim,Sandbox,SIM-PLATFORM-ALPHA,v1.34.2-sim,Andrew Collins,Infrastructure Risk,japaneast,artifacts-pulse.example,rg-sim-horizon-3,2026-07-02,14,42.2,In Remediation,andrew.collins@email.com
k8s-solstice-san-13,data-pipeline,https://api-solstice-13.uksouth.synthetic.invalid,Audit,120,artifacts-pulse.example/data-pipeline/svc-02:r2; registry-meridian.example/data-pipeline/svc-03:r3; registry-orbit.example/data-pipeline/svc-04:r4; images-horizon.example/data-pipeline/svc-05:r5,SYN-2026-022468; SYN-2025-022487; SYN-2026-022506; SYN-2024-022525; SYN-2026-022544; SYN-2026-022563,6,81,390,141,618,AWS-Sim,Sandbox,SIM-DATA-GAMMA,v1.35.3-sim,Stephanie Brooks,Product Security,westcentralus,containers-vista.example,rg-sim-vertex-4,2026-07-03,14,68.8,In Remediation,stephanie.brooks@email.com
k8s-aurora-san-14,inventory,https://api-aurora-14.japaneast.synthetic.invalid,Observe,92,registry-meridian.example/inventory/svc-03:r3; registry-orbit.example/inventory/svc-04:r4; images-horizon.example/inventory/svc-05:r5; containers-vista.example/inventory/svc-06:r6,SYN-2025-022605; SYN-2024-022624; SYN-2025-022643; SYN-2025-022662; SYN-2024-022681; SYN-2024-022700,8,227,371,35,641,GCP-Sim,Sandbox,SIM-CORE-EPSILON,v1.36.4-sim,Kevin Mitchell,Platform Assurance,uksouth,images-horizon.example,rg-sim-lighthouse-5,2026-07-04,14,100.0,In Remediation,kevin.mitchell@email.com
k8s-vertex-san-15,payments-core,https://api-vertex-15.northcentralus.synthetic.invalid,Block,97,registry-orbit.example/payments-core/svc-04:r4,SYN-2025-022742; SYN-2026-022761,18,107,100,78,303,Azure-Sim,Sandbox,SIM-PLATFORM-ALPHA,v1.34.5-sim,Laura Bennett,DevSecOps Enablement,northcentralus,registry-orbit.example,rg-sim-orion-1,2026-07-05,7,100.0,Escalated,laura.bennett@email.com
k8s-nebula-san-16,edge-router,https://api-nebula-16.westcentralus.synthetic.invalid,Audit,113,images-horizon.example/edge-router/svc-05:r5; containers-vista.example/edge-router/svc-06:r6; artifacts-pulse.example/edge-router/svc-07:r7,SYN-2025-022879; SYN-2025-022898,22,327,192,146,687,AWS-Sim,Sandbox,SIM-DATA-GAMMA,v1.35.6-sim,Brian Cooper,Security Operations,canadacentral,registry-meridian.example,rg-sim-zenith-2,2026-07-06,7,100.0,Escalated,brian.cooper@email.com
k8s-quasar-san-17,reporting,https://api-quasar-17.canadacentral.synthetic.invalid,Observe,78,containers-vista.example/reporting/svc-06:r6; artifacts-pulse.example/reporting/svc-07:r7; registry-meridian.example/reporting/svc-08:r8; registry-orbit.example/reporting/svc-09:r9,SYN-2026-023016; SYN-2024-023035; SYN-2026-023054; SYN-2024-023073; SYN-2026-023092; SYN-2026-023111,14,189,316,57,576,GCP-Sim,Sandbox,SIM-CORE-EPSILON,v1.36.7-sim,Nicole Foster,Container Engineering,japaneast,artifacts-pulse.example,rg-sim-horizon-3,2026-07-07,7,100.0,Escalated,nicole.foster@email.com
k8s-cobalt-san-11,workflow,https://api-cobalt-11.uksouth.synthetic.invalid,Block,114,artifacts-pulse.example/workflow/svc-07:r7; registry-meridian.example/workflow/svc-08:r8; registry-orbit.example/workflow/svc-09:r9; images-horizon.example/workflow/svc-10:r1,SYN-2024-023153; SYN-2024-023172; SYN-2025-023191; SYN-2025-023210; SYN-2026-023229; SYN-2026-023248,16,209,293,190,708,Azure-Sim,Sandbox,SIM-PLATFORM-ALPHA,v1.34.1-sim,Jason Reed,Cloud Defense,westcentralus,containers-vista.example,rg-sim-vertex-4,2026-07-08,7,100.0,Escalated,jason.reed@email.com
k8s-ember-san-12,telemetry,https://api-ember-12.japaneast.synthetic.invalid,Audit,81,registry-meridian.example/telemetry/svc-08:r8; registry-orbit.example/telemetry/svc-09:r9; images-horizon.example/telemetry/svc-10:r1; containers-vista.example/telemetry/svc-11:r2,SYN-2026-023290; SYN-2026-023309; SYN-2026-023328; SYN-2026-023347,15,72,282,44,413,AWS-Sim,Sandbox,SIM-DATA-GAMMA,v1.35.2-sim,Emily Sanders,Infrastructure Risk,uksouth,images-horizon.example,rg-sim-lighthouse-5,2026-07-09,7,91.8,Escalated,emily.sanders@email.com
k8s-harbor-san-13,batch-jobs,https://api-harbor-13.northcentralus.synthetic.invalid,Observe,62,registry-orbit.example/batch-jobs/svc-09:r9; images-horizon.example/batch-jobs/svc-10:r1; containers-vista.example/batch-jobs/svc-11:r2; artifacts-pulse.example/batch-jobs/svc-12:r3,SYN-2025-023427; SYN-2026-023446,21,104,359,81,565,GCP-Sim,Sandbox,SIM-CORE-EPSILON,v1.36.3-sim,Matthew Clark,Product Security,northcentralus,registry-orbit.example,rg-sim-orion-1,2026-07-10,7,100.0,Escalated,matthew.clark@email.com
k8s-summit-san-14,platform-tools,https://api-summit-14.westcentralus.synthetic.invalid,Block,49,images-horizon.example/platform-tools/svc-10:r1; containers-vista.example/platform-tools/svc-11:r2,SYN-2026-023564; SYN-2025-023583,7,93,285,55,440,Azure-Sim,Sandbox,SIM-PLATFORM-ALPHA,v1.34.4-sim,Rebecca Hayes,Platform Assurance,canadacentral,registry-meridian.example,rg-sim-zenith-2,2026-07-11,14,71.3,In Remediation,rebecca.hayes@email.com
k8s-lattice-san-15,scheduler,https://api-lattice-15.canadacentral.synthetic.invalid,Audit,16,containers-vista.example/scheduler/svc-11:r2; artifacts-pulse.example/scheduler/svc-12:r3; registry-meridian.example/scheduler/svc-13:r4; registry-orbit.example/scheduler/svc-14:r5,SYN-2025-023701; SYN-2026-023720; SYN-2025-023739; SYN-2026-023758,9,25,92,21,147,AWS-Sim,Sandbox,SIM-DATA-GAMMA,v1.35.5-sim,Jonathan Price,DevSecOps Enablement,japaneast,artifacts-pulse.example,rg-sim-horizon-3,2026-07-12,14,44.9,In Remediation,jonathan.price@email.com
k8s-phoenix-san-16,catalog-api,https://api-phoenix-16.uksouth.synthetic.invalid,Observe,39,artifacts-pulse.example/catalog-api/svc-12:r3; registry-meridian.example/catalog-api/svc-13:r4; registry-orbit.example/catalog-api/svc-14:r5; images-horizon.example/catalog-api/svc-15:r6,SYN-2024-023838; SYN-2026-023857; SYN-2025-023876; SYN-2026-023895; SYN-2025-023914; SYN-2026-023933,5,100,164,9,278,GCP-Sim,Sandbox,SIM-CORE-EPSILON,v1.36.6-sim,Megan Russell,Security Operations,westcentralus,containers-vista.example,rg-sim-vertex-4,2026-07-13,14,60.7,In Remediation,megan.russell@email.com
k8s-raven-san-17,message-bus,https://api-raven-17.japaneast.synthetic.invalid,Block,138,registry-meridian.example/message-bus/svc-13:r4; registry-orbit.example/message-bus/svc-14:r5; images-horizon.example/message-bus/svc-15:r6; containers-vista.example/message-bus/svc-16:r7,SYN-2024-023975; SYN-2024-023994; SYN-2024-024013; SYN-2026-024032; SYN-2026-024051; SYN-2024-024070,21,242,535,10,808,Azure-Sim,Sandbox,SIM-PLATFORM-ALPHA,v1.34.7-sim,Steven Ward,Container Engineering,uksouth,images-horizon.example,rg-sim-lighthouse-5,2026-07-14,7,100.0,Escalated,steven.ward@email.com
k8s-cedar-san-11,customer-api,https://api-cedar-11.northcentralus.synthetic.invalid,Audit,138,registry-orbit.example/customer-api/svc-14:r5; images-horizon.example/customer-api/svc-15:r6; containers-vista.example/customer-api/svc-16:r7; artifacts-pulse.example/customer-api/svc-17:r8,SYN-2025-024112; SYN-2026-024131; SYN-2025-024150; SYN-2024-024169; SYN-2026-024188; SYN-2026-024207,12,383,824,2,1221,AWS-Sim,Sandbox,SIM-DATA-GAMMA,v1.35.1-sim,Ashley Coleman,Cloud Defense,northcentralus,registry-orbit.example,rg-sim-orion-1,2026-07-15,7,100.0,Escalated,ashley.coleman@email.com
k8s-mariner-san-12,identity-hub,https://api-mariner-12.westcentralus.synthetic.invalid,Observe,112,images-horizon.example/identity-hub/svc-15:r6; containers-vista.example/identity-hub/svc-16:r7; artifacts-pulse.example/identity-hub/svc-17:r8; registry-meridian.example/identity-hub/svc-18:r9,SYN-2025-024249; SYN-2026-024268,19,136,302,107,564,GCP-Sim,Sandbox,SIM-CORE-EPSILON,v1.36.2-sim,Patrick Murphy,Infrastructure Risk,canadacentral,registry-meridian.example,rg-sim-zenith-2,2026-07-16,7,100.0,Escalated,patrick.murphy@email.com
k8s-atlas-san-13,policy-engine,https://api-atlas-13.canadacentral.synthetic.invalid,Block,24,containers-vista.example/policy-engine/svc-16:r7; artifacts-pulse.example/policy-engine/svc-17:r8; registry-meridian.example/policy-engine/svc-18:r9; registry-orbit.example/policy-engine/svc-19:r1,SYN-2024-024386; SYN-2024-024405; SYN-2025-024424; SYN-2026-024443,6,8,71,43,128,Azure-Sim,Sandbox,SIM-PLATFORM-ALPHA,v1.34.3-sim,Lauren Hughes,Product Security,japaneast,artifacts-pulse.example,rg-sim-horizon-3,2026-07-17,14,27.4,In Remediation,lauren.hughes@email.com
k8s-cosmos-san-14,auth-gateway,https://api-cosmos-14.uksouth.synthetic.invalid,Audit,141,artifacts-pulse.example/auth-gateway/svc-17:r8; registry-meridian.example/auth-gateway/svc-18:r9; registry-orbit.example/auth-gateway/svc-19:r1; images-horizon.example/auth-gateway/svc-20:r2,SYN-2026-024523; SYN-2024-024542; SYN-2024-024561,5,276,163,280,724,AWS-Sim,Sandbox,SIM-DATA-GAMMA,v1.35.4-sim,Eric Bailey,Platform Assurance,westcentralus,containers-vista.example,rg-sim-vertex-4,2026-07-18,14,100.0,In Remediation,eric.bailey@email.com
k8s-vantage-san-15,analytics,https://api-vantage-15.japaneast.synthetic.invalid,Observe,105,registry-meridian.example/analytics/svc-18:r9; registry-orbit.example/analytics/svc-19:r1; images-horizon.example/analytics/svc-20:r2; containers-vista.example/analytics/svc-21:r3,SYN-2025-024660; SYN-2026-024679; SYN-2026-024698; SYN-2026-024717; SYN-2024-024736; SYN-2024-024755,20,170,270,8,468,GCP-Sim,Sandbox,SIM-CORE-EPSILON,v1.36.5-sim,Brittany Ross,DevSecOps Enablement,uksouth,images-horizon.example,rg-sim-lighthouse-5,2026-07-19,7,100.0,Escalated,brittany.ross@email.com
k8s-orion-tes-16,order-stream,https://api-orion-16.northcentralus.synthetic.invalid,Block,44,registry-orbit.example/order-stream/svc-19:r1; images-horizon.example/order-stream/svc-20:r2; containers-vista.example/order-stream/svc-21:r3; artifacts-pulse.example/order-stream/svc-22:r4,SYN-2024-024797; SYN-2026-024816; SYN-2025-024835; SYN-2025-024854; SYN-2026-024873,8,130,232,81,451,Azure-Sim,Testing,SIM-PLATFORM-ALPHA,v1.34.6-sim,John Doe,Security Operations,northcentralus,registry-orbit.example,rg-sim-orion-1,2026-07-20,14,85.1,In Remediation,john.doe@email.com
k8s-zephyr-tes-17,data-pipeline,https://api-zephyr-17.westcentralus.synthetic.invalid,Audit,111,images-horizon.example/data-pipeline/svc-20:r2; containers-vista.example/data-pipeline/svc-21:r3; artifacts-pulse.example/data-pipeline/svc-22:r4; registry-meridian.example/data-pipeline/svc-00:r5,SYN-2025-024934; SYN-2025-024953; SYN-2026-024972; SYN-2024-024991,6,46,499,189,740,AWS-Sim,Testing,SIM-DATA-GAMMA,v1.35.7-sim,Scott Smith,Container Engineering,canadacentral,registry-meridian.example,rg-sim-zenith-2,2026-07-21,14,62.0,In Remediation,scott.smith@email.com
k8s-lyra-tes-11,inventory,https://api-lyra-11.canadacentral.synthetic.invalid,Observe,103,containers-vista.example/inventory/svc-21:r3; artifacts-pulse.example/inventory/svc-22:r4; registry-meridian.example/inventory/svc-00:r5; registry-orbit.example/inventory/svc-01:r6,SYN-2024-025071; SYN-2026-025090; SYN-2024-025109; SYN-2025-025128; SYN-2025-025147; SYN-2026-025166,6,146,311,55,518,GCP-Sim,Testing,SIM-CORE-EPSILON,v1.36.1-sim,Michael Carter,Cloud Defense,japaneast,artifacts-pulse.example,rg-sim-horizon-3,2026-07-22,14,87.6,In Remediation,michael.carter@email.com
k8s-solstice-tes-12,payments-core,https://api-solstice-12.uksouth.synthetic.invalid,Block,110,artifacts-pulse.example/payments-core/svc-22:r4; registry-meridian.example/payments-core/svc-00:r5; registry-orbit.example/payments-core/svc-01:r6; images-horizon.example/payments-core/svc-02:r7,SYN-2025-025208; SYN-2025-025227; SYN-2025-025246; SYN-2024-025265; SYN-2026-025284,10,79,598,173,860,Azure-Sim,Testing,SIM-PLATFORM-ALPHA,v1.34.2-sim,Sarah Johnson,Infrastructure Risk,westcentralus,containers-vista.example,rg-sim-vertex-4,2026-07-23,7,92.5,In Remediation,sarah.johnson@email.com
k8s-aurora-tes-13,edge-router,https://api-aurora-13.japaneast.synthetic.invalid,Audit,43,registry-meridian.example/edge-router/svc-00:r5; registry-orbit.example/edge-router/svc-01:r6,SYN-2025-025345; SYN-2026-025364,12,60,84,50,206,AWS-Sim,Testing,SIM-DATA-GAMMA,v1.35.3-sim,David Thompson,Product Security,uksouth,images-horizon.example,rg-sim-lighthouse-5,2026-07-01,7,67.2,Escalated,david.thompson@email.com
k8s-vertex-tes-14,reporting,https://api-vertex-14.northcentralus.synthetic.invalid,Observe,16,registry-orbit.example/reporting/svc-01:r6; images-horizon.example/reporting/svc-02:r7; containers-vista.example/reporting/svc-03:r8; artifacts-pulse.example/reporting/svc-04:r9,SYN-2024-025482; SYN-2026-025501; SYN-2025-025520; SYN-2024-025539,9,34,60,31,134,GCP-Sim,Testing,SIM-CORE-EPSILON,v1.36.4-sim,Jennifer Miller,Platform Assurance,northcentralus,registry-orbit.example,rg-sim-orion-1,2026-07-02,14,46.4,In Remediation,jennifer.miller@email.com
k8s-nebula-tes-15,workflow,https://api-nebula-15.westcentralus.synthetic.invalid,Block,6,images-horizon.example/workflow/svc-02:r7; containers-vista.example/workflow/svc-03:r8; artifacts-pulse.example/workflow/svc-04:r9; registry-meridian.example/workflow/svc-05:r1,SYN-2025-025619; SYN-2024-025638; SYN-2025-025657,6,15,7,7,35,Azure-Sim,Testing,SIM-PLATFORM-ALPHA,v1.34.5-sim,Robert Wilson,DevSecOps Enablement,canadacentral,registry-meridian.example,rg-sim-zenith-2,2026-07-03,14,26.6,In Remediation,robert.wilson@email.com
k8s-quasar-tes-16,telemetry,https://api-quasar-16.canadacentral.synthetic.invalid,Audit,124,containers-vista.example/telemetry/svc-03:r8; artifacts-pulse.example/telemetry/svc-04:r9; registry-meridian.example/telemetry/svc-05:r1; registry-orbit.example/telemetry/svc-06:r2,SYN-2026-025756; SYN-2025-025775,11,84,348,63,506,AWS-Sim,Testing,SIM-DATA-GAMMA,v1.35.6-sim,Amanda Parker,Security Operations,japaneast,artifacts-pulse.example,rg-sim-horizon-3,2026-07-04,7,85.3,In Remediation,amanda.parker@email.com
k8s-cobalt-tes-17,batch-jobs,https://api-cobalt-17.uksouth.synthetic.invalid,Observe,57,artifacts-pulse.example/batch-jobs/svc-04:r9; registry-meridian.example/batch-jobs/svc-05:r1; registry-orbit.example/batch-jobs/svc-06:r2; images-horizon.example/batch-jobs/svc-07:r3,SYN-2026-025893; SYN-2026-025912; SYN-2024-025931; SYN-2026-025950; SYN-2026-025969; SYN-2025-025988,12,25,220,60,317,GCP-Sim,Testing,SIM-CORE-EPSILON,v1.36.7-sim,Daniel Harris,Container Engineering,westcentralus,containers-vista.example,rg-sim-vertex-4,2026-07-05,7,61.8,Escalated,daniel.harris@email.com
k8s-ember-tes-11,platform-tools,https://api-ember-11.japaneast.synthetic.invalid,Block,17,registry-meridian.example/platform-tools/svc-05:r1; registry-orbit.example/platform-tools/svc-06:r2; images-horizon.example/platform-tools/svc-07:r3; containers-vista.example/platform-tools/svc-08:r4,SYN-2024-026030; SYN-2024-026049,9,49,83,7,148,Azure-Sim,Testing,SIM-PLATFORM-ALPHA,v1.34.1-sim,Melissa Turner,Cloud Defense,uksouth,images-horizon.example,rg-sim-lighthouse-5,2026-07-06,14,52.8,In Remediation,melissa.turner@email.com
k8s-harbor-tes-12,scheduler,https://api-harbor-12.northcentralus.synthetic.invalid,Audit,164,registry-orbit.example/scheduler/svc-06:r2; images-horizon.example/scheduler/svc-07:r3; containers-vista.example/scheduler/svc-08:r4; artifacts-pulse.example/scheduler/svc-09:r5,SYN-2026-026167; SYN-2024-026186; SYN-2025-026205; SYN-2026-026224; SYN-2026-026243; SYN-2024-026262,18,54,689,104,865,AWS-Sim,Testing,SIM-DATA-GAMMA,v1.35.2-sim,Christopher Evans,Infrastructure Risk,northcentralus,registry-orbit.example,rg-sim-orion-1,2026-07-07,7,100.0,Escalated,christopher.evans@email.com
k8s-summit-tes-13,catalog-api,https://api-summit-13.westcentralus.synthetic.invalid,Observe,49,images-horizon.example/catalog-api/svc-07:r3; containers-vista.example/catalog-api/svc-08:r4; artifacts-pulse.example/catalog-api/svc-09:r5; registry-meridian.example/catalog-api/svc-10:r6,SYN-2026-026304; SYN-2025-026323; SYN-2024-026342,0,76,218,24,318,GCP-Sim,Testing,SIM-CORE-EPSILON,v1.36.3-sim,Rachel Morgan,Product Security,canadacentral,registry-meridian.example,rg-sim-zenith-2,2026-07-08,30,37.5,Monitoring,rachel.morgan@email.com
k8s-lattice-tes-14,message-bus,https://api-lattice-14.canadacentral.synthetic.invalid,Block,112,containers-vista.example/message-bus/svc-08:r4; artifacts-pulse.example/message-bus/svc-09:r5; registry-meridian.example/message-bus/svc-10:r6,SYN-2025-026441; SYN-2024-026460,13,165,440,128,746,Azure-Sim,Testing,SIM-PLATFORM-ALPHA,v1.34.4-sim,Andrew Collins,Platform Assurance,japaneast,artifacts-pulse.example,rg-sim-horizon-3,2026-07-09,7,100.0,Escalated,andrew.collins@email.com
k8s-phoenix-tes-15,customer-api,https://api-phoenix-15.uksouth.synthetic.invalid,Audit,92,artifacts-pulse.example/customer-api/svc-09:r5; registry-meridian.example/customer-api/svc-10:r6; registry-orbit.example/customer-api/svc-11:r7; images-horizon.example/customer-api/svc-12:r8,SYN-2026-026578; SYN-2025-026597; SYN-2026-026616; SYN-2024-026635; SYN-2024-026654; SYN-2025-026673,1,85,176,172,434,AWS-Sim,Testing,SIM-DATA-GAMMA,v1.35.5-sim,Stephanie Brooks,DevSecOps Enablement,westcentralus,containers-vista.example,rg-sim-vertex-4,2026-07-10,14,42.0,In Remediation,stephanie.brooks@email.com
k8s-raven-tes-16,identity-hub,https://api-raven-16.japaneast.synthetic.invalid,Observe,52,registry-meridian.example/identity-hub/svc-10:r6; registry-orbit.example/identity-hub/svc-11:r7; images-horizon.example/identity-hub/svc-12:r8; containers-vista.example/identity-hub/svc-13:r9,SYN-2026-026715; SYN-2025-026734; SYN-2025-026753; SYN-2026-026772; SYN-2025-026791; SYN-2025-026810,19,104,243,59,425,GCP-Sim,Testing,SIM-CORE-EPSILON,v1.36.6-sim,Kevin Mitchell,Security Operations,uksouth,images-horizon.example,rg-sim-lighthouse-5,2026-07-11,7,100.0,Escalated,kevin.mitchell@email.com
k8s-cedar-tes-17,policy-engine,https://api-cedar-17.northcentralus.synthetic.invalid,Block,28,registry-orbit.example/policy-engine/svc-11:r7; images-horizon.example/policy-engine/svc-12:r8; containers-vista.example/policy-engine/svc-13:r9; artifacts-pulse.example/policy-engine/svc-14:r1,SYN-2025-026852; SYN-2025-026871; SYN-2024-026890; SYN-2024-026909; SYN-2026-026928,11,32,54,13,110,Azure-Sim,Testing,SIM-PLATFORM-ALPHA,v1.34.7-sim,Laura Bennett,Container Engineering,northcentralus,registry-orbit.example,rg-sim-orion-1,2026-07-12,7,52.4,In Remediation,laura.bennett@email.com
k8s-mariner-tes-11,auth-gateway,https://api-mariner-11.westcentralus.synthetic.invalid,Audit,62,images-horizon.example/auth-gateway/svc-12:r8; containers-vista.example/auth-gateway/svc-13:r9; artifacts-pulse.example/auth-gateway/svc-14:r1; registry-meridian.example/auth-gateway/svc-15:r2,SYN-2025-026989; SYN-2025-027008; SYN-2024-027027; SYN-2025-027046; SYN-2025-027065,21,53,146,43,263,AWS-Sim,Testing,SIM-DATA-GAMMA,v1.35.1-sim,Brian Cooper,Cloud Defense,canadacentral,registry-meridian.example,rg-sim-zenith-2,2026-07-13,7,99.3,Escalated,brian.cooper@email.com
k8s-atlas-tes-12,analytics,https://api-atlas-12.canadacentral.synthetic.invalid,Observe,161,containers-vista.example/analytics/svc-13:r9; artifacts-pulse.example/analytics/svc-14:r1; registry-meridian.example/analytics/svc-15:r2; registry-orbit.example/analytics/svc-16:r3,SYN-2025-027126; SYN-2026-027145,7,251,326,250,834,GCP-Sim,Testing,SIM-CORE-EPSILON,v1.36.2-sim,Nicole Foster,Infrastructure Risk,japaneast,artifacts-pulse.example,rg-sim-horizon-3,2026-07-14,14,100.0,In Remediation,nicole.foster@email.com
k8s-cosmos-tes-13,order-stream,https://api-cosmos-13.uksouth.synthetic.invalid,Block,147,artifacts-pulse.example/order-stream/svc-14:r1; registry-meridian.example/order-stream/svc-15:r2; registry-orbit.example/order-stream/svc-16:r3; images-horizon.example/order-stream/svc-17:r4,SYN-2024-027263; SYN-2026-027282; SYN-2025-027301; SYN-2026-027320; SYN-2024-027339; SYN-2026-027358,10,74,411,105,600,Azure-Sim,Testing,SIM-PLATFORM-ALPHA,v1.34.3-sim,Jason Reed,Product Security,westcentralus,containers-vista.example,rg-sim-vertex-4,2026-07-15,7,81.5,In Remediation,jason.reed@email.com
k8s-vantage-tes-14,data-pipeline,https://api-vantage-14.japaneast.synthetic.invalid,Audit,106,registry-meridian.example/data-pipeline/svc-15:r2; registry-orbit.example/data-pipeline/svc-16:r3; images-horizon.example/data-pipeline/svc-17:r4; containers-vista.example/data-pipeline/svc-18:r5,SYN-2025-027400; SYN-2026-027419; SYN-2025-027438; SYN-2024-027457; SYN-2024-027476; SYN-2025-027495,0,118,347,14,479,AWS-Sim,Testing,SIM-DATA-GAMMA,v1.35.4-sim,Emily Sanders,Platform Assurance,uksouth,images-horizon.example,rg-sim-lighthouse-5,2026-07-16,30,58.6,Monitoring,emily.sanders@email.com
k8s-orion-pro-15,inventory,https://api-orion-15.northcentralus.synthetic.invalid,Observe,45,registry-orbit.example/inventory/svc-16:r3; images-horizon.example/inventory/svc-17:r4; containers-vista.example/inventory/svc-18:r5; artifacts-pulse.example/inventory/svc-19:r6,SYN-2026-027537; SYN-2024-027556; SYN-2026-027575,6,47,246,83,382,GCP-Sim,Production,SIM-CORE-EPSILON,v1.36.5-sim,Matthew Clark,DevSecOps Enablement,northcentralus,registry-orbit.example,rg-sim-orion-1,2026-07-17,14,49.8,In Remediation,matthew.clark@email.com
k8s-zephyr-pro-16,payments-core,https://api-zephyr-16.westcentralus.synthetic.invalid,Block,17,images-horizon.example/payments-core/svc-17:r4; containers-vista.example/payments-core/svc-18:r5; artifacts-pulse.example/payments-core/svc-19:r6; registry-meridian.example/payments-core/svc-20:r7,SYN-2026-027674; SYN-2025-027693; SYN-2025-027712; SYN-2024-027731; SYN-2025-027750,3,10,29,33,75,Azure-Sim,Production,SIM-PLATFORM-ALPHA,v1.34.6-sim,Rebecca Hayes,Security Operations,canadacentral,registry-meridian.example,rg-sim-zenith-2,2026-07-18,14,15.4,In Remediation,rebecca.hayes@email.com
k8s-lyra-pro-17,edge-router,https://api-lyra-17.canadacentral.synthetic.invalid,Audit,88,containers-vista.example/edge-router/svc-18:r5; artifacts-pulse.example/edge-router/svc-19:r6; registry-meridian.example/edge-router/svc-20:r7; registry-orbit.example/edge-router/svc-21:r8,SYN-2024-027811; SYN-2025-027830; SYN-2026-027849; SYN-2024-027868; SYN-2024-027887; SYN-2024-027906,15,37,494,50,596,AWS-Sim,Production,SIM-DATA-GAMMA,v1.35.7-sim,Jonathan Price,Container Engineering,japaneast,artifacts-pulse.example,rg-sim-horizon-3,2026-07-19,7,90.2,Escalated,jonathan.price@email.com
k8s-solstice-pro-11,reporting,https://api-solstice-11.uksouth.synthetic.invalid,Observe,131,artifacts-pulse.example/reporting/svc-19:r6; registry-meridian.example/reporting/svc-20:r7; registry-orbit.example/reporting/svc-21:r8; images-horizon.example/reporting/svc-22:r9,SYN-2025-027948; SYN-2025-027967; SYN-2024-027986; SYN-2026-028005,2,47,527,152,728,GCP-Sim,Production,SIM-CORE-EPSILON,v1.36.1-sim,Megan Russell,Cloud Defense,westcentralus,containers-vista.example,rg-sim-vertex-4,2026-07-20,14,49.8,In Remediation,megan.russell@email.com
k8s-aurora-pro-12,workflow,https://api-aurora-12.japaneast.synthetic.invalid,Block,38,registry-meridian.example/workflow/svc-20:r7; registry-orbit.example/workflow/svc-21:r8; images-horizon.example/workflow/svc-22:r9; containers-vista.example/workflow/svc-00:r1,SYN-2025-028085; SYN-2026-028104; SYN-2026-028123,8,34,119,26,187,Azure-Sim,Production,SIM-PLATFORM-ALPHA,v1.34.2-sim,Steven Ward,Infrastructure Risk,uksouth,images-horizon.example,rg-sim-lighthouse-5,2026-07-21,14,45.9,In Remediation,steven.ward@email.com
k8s-vertex-pro-13,telemetry,https://api-vertex-13.northcentralus.synthetic.invalid,Audit,152,registry-orbit.example/telemetry/svc-21:r8; images-horizon.example/telemetry/svc-22:r9; containers-vista.example/telemetry/svc-00:r1; artifacts-pulse.example/telemetry/svc-01:r2,SYN-2025-028222; SYN-2025-028241; SYN-2025-028260; SYN-2026-028279; SYN-2026-028298,3,203,483,82,771,AWS-Sim,Production,SIM-DATA-GAMMA,v1.35.3-sim,Ashley Coleman,Product Security,northcentralus,registry-orbit.example,rg-sim-orion-1,2026-07-22,14,100.0,In Remediation,ashley.coleman@email.com
k8s-nebula-pro-14,batch-jobs,https://api-nebula-14.westcentralus.synthetic.invalid,Observe,154,images-horizon.example/batch-jobs/svc-22:r9; containers-vista.example/batch-jobs/svc-00:r1; artifacts-pulse.example/batch-jobs/svc-01:r2; registry-meridian.example/batch-jobs/svc-02:r3,SYN-2026-028359; SYN-2024-028378; SYN-2026-028397; SYN-2026-028416; SYN-2025-028435; SYN-2024-028454,18,394,188,54,654,GCP-Sim,Production,SIM-CORE-EPSILON,v1.36.4-sim,Patrick Murphy,Platform Assurance,canadacentral,registry-meridian.example,rg-sim-zenith-2,2026-07-23,7,100.0,Escalated,patrick.murphy@email.com
k8s-quasar-pro-15,platform-tools,https://api-quasar-15.canadacentral.synthetic.invalid,Block,85,containers-vista.example/platform-tools/svc-00:r1; artifacts-pulse.example/platform-tools/svc-01:r2; registry-meridian.example/platform-tools/svc-02:r3; registry-orbit.example/platform-tools/svc-03:r4,SYN-2024-028496; SYN-2025-028515; SYN-2025-028534; SYN-2025-028553; SYN-2025-028572; SYN-2024-028591,0,118,485,46,649,Azure-Sim,Production,SIM-PLATFORM-ALPHA,v1.34.5-sim,Lauren Hughes,DevSecOps Enablement,japaneast,artifacts-pulse.example,rg-sim-horizon-3,2026-07-01,30,65.5,Monitoring,lauren.hughes@email.com
k8s-cobalt-pro-16,scheduler,https://api-cobalt-16.uksouth.synthetic.invalid,Audit,40,artifacts-pulse.example/scheduler/svc-01:r2; registry-meridian.example/scheduler/svc-02:r3; registry-orbit.example/scheduler/svc-03:r4; images-horizon.example/scheduler/svc-04:r5,SYN-2024-028633; SYN-2024-028652; SYN-2025-028671; SYN-2026-028690; SYN-2024-028709,16,98,89,46,249,AWS-Sim,Production,SIM-DATA-GAMMA,v1.35.6-sim,Eric Bailey,Security Operations,westcentralus,containers-vista.example,rg-sim-vertex-4,2026-07-02,7,94.8,Escalated,eric.bailey@email.com
k8s-ember-pro-17,catalog-api,https://api-ember-17.japaneast.synthetic.invalid,Observe,155,registry-meridian.example/catalog-api/svc-02:r3; registry-orbit.example/catalog-api/svc-03:r4; images-horizon.example/catalog-api/svc-04:r5; containers-vista.example/catalog-api/svc-05:r6,SYN-2025-028770; SYN-2025-028789; SYN-2024-028808; SYN-2024-028827,7,361,278,161,807,GCP-Sim,Production,SIM-CORE-EPSILON,v1.36.7-sim,Brittany Ross,Container Engineering,uksouth,images-horizon.example,rg-sim-lighthouse-5,2026-07-03,14,100.0,In Remediation,brittany.ross@email.com
k8s-harbor-pro-11,message-bus,https://api-harbor-11.northcentralus.synthetic.invalid,Block,47,registry-orbit.example/message-bus/svc-03:r4; images-horizon.example/message-bus/svc-04:r5; containers-vista.example/message-bus/svc-05:r6; artifacts-pulse.example/message-bus/svc-06:r7,SYN-2025-028907; SYN-2024-028926; SYN-2026-028945; SYN-2024-028964; SYN-2024-028983; SYN-2026-029002,21,23,255,78,377,Azure-Sim,Production,SIM-PLATFORM-ALPHA,v1.34.1-sim,John Doe,Cloud Defense,northcentralus,registry-orbit.example,rg-sim-orion-1,2026-07-04,7,94.3,Escalated,john.doe@email.com
k8s-summit-pro-12,customer-api,https://api-summit-12.westcentralus.synthetic.invalid,Audit,125,images-horizon.example/customer-api/svc-04:r5; containers-vista.example/customer-api/svc-05:r6; artifacts-pulse.example/customer-api/svc-06:r7; registry-meridian.example/customer-api/svc-07:r8,SYN-2025-029044; SYN-2024-029063; SYN-2026-029082; SYN-2025-029101; SYN-2024-029120; SYN-2026-029139,20,135,693,224,1072,AWS-Sim,Production,SIM-DATA-GAMMA,v1.35.2-sim,Scott Smith,Infrastructure Risk,canadacentral,registry-meridian.example,rg-sim-zenith-2,2026-07-05,7,100.0,Escalated,scott.smith@email.com
k8s-lattice-pro-13,identity-hub,https://api-lattice-13.canadacentral.synthetic.invalid,Observe,124,containers-vista.example/identity-hub/svc-05:r6; artifacts-pulse.example/identity-hub/svc-06:r7; registry-meridian.example/identity-hub/svc-07:r8; registry-orbit.example/identity-hub/svc-08:r9,SYN-2024-029181; SYN-2026-029200; SYN-2025-029219; SYN-2024-029238; SYN-2026-029257; SYN-2024-029276,12,133,602,37,784,GCP-Sim,Production,SIM-CORE-EPSILON,v1.36.3-sim,Michael Carter,Product Security,japaneast,artifacts-pulse.example,rg-sim-horizon-3,2026-07-06,7,100.0,Escalated,michael.carter@email.com
k8s-phoenix-pro-14,policy-engine,https://api-phoenix-14.uksouth.synthetic.invalid,Block,36,artifacts-pulse.example/policy-engine/svc-06:r7; registry-meridian.example/policy-engine/svc-07:r8; registry-orbit.example/policy-engine/svc-08:r9; images-horizon.example/policy-engine/svc-09:r1,SYN-2024-029318; SYN-2024-029337; SYN-2025-029356,5,21,100,51,177,Azure-Sim,Production,SIM-PLATFORM-ALPHA,v1.34.4-sim,Sarah Johnson,Platform Assurance,westcentralus,containers-vista.example,rg-sim-vertex-4,2026-07-07,14,29.9,In Remediation,sarah.johnson@email.com
k8s-raven-pro-15,auth-gateway,https://api-raven-15.japaneast.synthetic.invalid,Audit,50,registry-meridian.example/auth-gateway/svc-07:r8; registry-orbit.example/auth-gateway/svc-08:r9; images-horizon.example/auth-gateway/svc-09:r1; containers-vista.example/auth-gateway/svc-10:r2,SYN-2026-029455; SYN-2025-029474; SYN-2026-029493; SYN-2025-029512; SYN-2026-029531; SYN-2024-029550,20,141,55,41,257,AWS-Sim,Production,SIM-DATA-GAMMA,v1.35.5-sim,David Thompson,DevSecOps Enablement,uksouth,images-horizon.example,rg-sim-lighthouse-5,2026-07-08,7,100.0,Escalated,david.thompson@email.com
k8s-cedar-pro-16,analytics,https://api-cedar-16.northcentralus.synthetic.invalid,Observe,32,registry-orbit.example/analytics/svc-08:r9; images-horizon.example/analytics/svc-09:r1; containers-vista.example/analytics/svc-10:r2; artifacts-pulse.example/analytics/svc-11:r3,SYN-2024-029592; SYN-2025-029611; SYN-2025-029630; SYN-2025-029649; SYN-2026-029668; SYN-2024-029687,9,64,72,35,180,GCP-Sim,Production,SIM-CORE-EPSILON,v1.36.6-sim,Jennifer Miller,Security Operations,northcentralus,registry-orbit.example,rg-sim-orion-1,2026-07-09,14,57.5,In Remediation,jennifer.miller@email.com
k8s-mariner-pro-17,order-stream,https://api-mariner-17.westcentralus.synthetic.invalid,Block,46,images-horizon.example/order-stream/svc-09:r1; containers-vista.example/order-stream/svc-10:r2; artifacts-pulse.example/order-stream/svc-11:r3; registry-meridian.example/order-stream/svc-12:r4,SYN-2025-029729; SYN-2026-029748; SYN-2025-029767; SYN-2026-029786; SYN-2026-029805; SYN-2024-029824,19,47,267,83,416,Azure-Sim,Production,SIM-PLATFORM-ALPHA,v1.34.7-sim,Robert Wilson,Container Engineering,canadacentral,registry-meridian.example,rg-sim-zenith-2,2026-07-10,7,96.3,Escalated,robert.wilson@email.com
k8s-atlas-pro-11,data-pipeline,https://api-atlas-11.canadacentral.synthetic.invalid,Audit,93,containers-vista.example/data-pipeline/svc-10:r2; artifacts-pulse.example/data-pipeline/svc-11:r3; registry-meridian.example/data-pipeline/svc-12:r4; registry-orbit.example/data-pipeline/svc-13:r5,SYN-2026-029866; SYN-2024-029885; SYN-2025-029904; SYN-2026-029923; SYN-2025-029942; SYN-2025-029961,4,230,237,91,562,AWS-Sim,Production,SIM-DATA-GAMMA,v1.35.1-sim,Amanda Parker,Cloud Defense,japaneast,artifacts-pulse.example,rg-sim-horizon-3,2026-07-11,14,100.0,In Remediation,amanda.parker@email.com
k8s-cosmos-pro-12,inventory,https://api-cosmos-12.uksouth.synthetic.invalid,Observe,8,artifacts-pulse.example/inventory/svc-11:r3; registry-meridian.example/inventory/svc-12:r4; registry-orbit.example/inventory/svc-13:r5; images-horizon.example/inventory/svc-14:r6,SYN-2024-030003; SYN-2026-030022; SYN-2026-030041; SYN-2025-030060,3,12,32,13,60,GCP-Sim,Production,SIM-CORE-EPSILON,v1.36.2-sim,Daniel Harris,Infrastructure Risk,westcentralus,containers-vista.example,rg-sim-vertex-4,2026-07-12,14,16.3,In Remediation,daniel.harris@email.com
k8s-vantage-pro-13,payments-core,https://api-vantage-13.japaneast.synthetic.invalid,Block,82,registry-meridian.example/payments-core/svc-12:r4; registry-orbit.example/payments-core/svc-13:r5; images-horizon.example/payments-core/svc-14:r6; containers-vista.example/payments-core/svc-15:r7,SYN-2026-030140; SYN-2025-030159; SYN-2024-030178; SYN-2024-030197; SYN-2024-030216; SYN-2025-030235,16,168,114,158,456,Azure-Sim,Production,SIM-PLATFORM-ALPHA,v1.34.3-sim,Melissa Turner,Product Security,uksouth,images-horizon.example,rg-sim-lighthouse-5,2026-07-13,7,100.0,Escalated,melissa.turner@email.com
k8s-orion-sta-14,edge-router,https://api-orion-14.northcentralus.synthetic.invalid,Audit,67,registry-orbit.example/edge-router/svc-13:r5; images-horizon.example/edge-router/svc-14:r6; containers-vista.example/edge-router/svc-15:r7; artifacts-pulse.example/edge-router/svc-16:r8,SYN-2024-030277; SYN-2024-030296; SYN-2024-030315; SYN-2025-030334; SYN-2025-030353; SYN-2024-030372,18,49,173,42,282,AWS-Sim,Staging,SIM-DATA-GAMMA,v1.35.4-sim,Christopher Evans,Platform Assurance,northcentralus,registry-orbit.example,rg-sim-orion-1,2026-07-14,7,88.8,Escalated,christopher.evans@email.com
k8s-zephyr-sta-15,reporting,https://api-zephyr-15.westcentralus.synthetic.invalid,Observe,3,images-horizon.example/reporting/svc-14:r6; containers-vista.example/reporting/svc-15:r7; artifacts-pulse.example/reporting/svc-16:r8; registry-meridian.example/reporting/svc-17:r9,SYN-2026-030414; SYN-2026-030433; SYN-2026-030452; SYN-2025-030471; SYN-2026-030490; SYN-2025-030509,3,1,9,4,17,GCP-Sim,Staging,SIM-CORE-EPSILON,v1.36.5-sim,Rachel Morgan,DevSecOps Enablement,canadacentral,registry-meridian.example,rg-sim-zenith-2,2026-07-15,14,11.3,In Remediation,rachel.morgan@email.com
k8s-lyra-sta-16,workflow,https://api-lyra-16.canadacentral.synthetic.invalid,Block,102,containers-vista.example/workflow/svc-15:r7; artifacts-pulse.example/workflow/svc-16:r8; registry-meridian.example/workflow/svc-17:r9; registry-orbit.example/workflow/svc-18:r1,SYN-2026-030551; SYN-2024-030570; SYN-2024-030589; SYN-2025-030608; SYN-2024-030627; SYN-2025-030646,14,110,217,176,517,Azure-Sim,Staging,SIM-PLATFORM-ALPHA,v1.34.6-sim,Andrew Collins,Security Operations,japaneast,artifacts-pulse.example,rg-sim-horizon-3,2026-07-16,7,98.3,Escalated,andrew.collins@email.com
k8s-solstice-sta-17,telemetry,https://api-solstice-17.uksouth.synthetic.invalid,Audit,5,artifacts-pulse.example/telemetry/svc-16:r8; registry-meridian.example/telemetry/svc-17:r9; registry-orbit.example/telemetry/svc-18:r1; images-horizon.example/telemetry/svc-19:r2,SYN-2025-030688; SYN-2025-030707; SYN-2024-030726; SYN-2024-030745,4,4,10,5,23,AWS-Sim,Staging,SIM-DATA-GAMMA,v1.35.7-sim,Stephanie Brooks,Container Engineering,westcentralus,containers-vista.example,rg-sim-vertex-4,2026-07-17,14,15.9,In Remediation,stephanie.brooks@email.com
k8s-aurora-sta-11,batch-jobs,https://api-aurora-11.japaneast.synthetic.invalid,Observe,45,registry-meridian.example/batch-jobs/svc-17:r9,SYN-2024-030825; SYN-2024-030844,18,116,221,20,375,GCP-Sim,Staging,SIM-CORE-EPSILON,v1.36.1-sim,Kevin Mitchell,Cloud Defense,uksouth,images-horizon.example,rg-sim-lighthouse-5,2026-07-18,7,100.0,Escalated,kevin.mitchell@email.com
k8s-vertex-sta-12,platform-tools,https://api-vertex-12.northcentralus.synthetic.invalid,Block,59,registry-orbit.example/platform-tools/svc-18:r1; images-horizon.example/platform-tools/svc-19:r2; containers-vista.example/platform-tools/svc-20:r3; artifacts-pulse.example/platform-tools/svc-21:r4,SYN-2025-030962; SYN-2025-030981; SYN-2026-031000; SYN-2025-031019; SYN-2025-031038; SYN-2024-031057,16,117,183,53,369,Azure-Sim,Staging,SIM-PLATFORM-ALPHA,v1.34.2-sim,Laura Bennett,Infrastructure Risk,northcentralus,registry-orbit.example,rg-sim-orion-1,2026-07-19,7,100.0,Escalated,laura.bennett@email.com
k8s-nebula-sta-13,scheduler,https://api-nebula-13.westcentralus.synthetic.invalid,Audit,146,images-horizon.example/scheduler/svc-19:r2; containers-vista.example/scheduler/svc-20:r3; artifacts-pulse.example/scheduler/svc-21:r4; registry-meridian.example/scheduler/svc-22:r5,SYN-2024-031099; SYN-2024-031118; SYN-2025-031137; SYN-2025-031156; SYN-2024-031175; SYN-2024-031194,5,176,480,135,796,AWS-Sim,Staging,SIM-DATA-GAMMA,v1.35.3-sim,Brian Cooper,Product Security,canadacentral,registry-meridian.example,rg-sim-zenith-2,2026-07-20,14,100.0,In Remediation,brian.cooper@email.com
k8s-quasar-sta-14,catalog-api,https://api-quasar-14.canadacentral.synthetic.invalid,Observe,127,containers-vista.example/catalog-api/svc-20:r3; artifacts-pulse.example/catalog-api/svc-21:r4; registry-meridian.example/catalog-api/svc-22:r5; registry-orbit.example/catalog-api/svc-00:r6,SYN-2024-031236; SYN-2024-031255,9,266,426,85,786,GCP-Sim,Staging,SIM-CORE-EPSILON,v1.36.4-sim,Nicole Foster,Platform Assurance,japaneast,artifacts-pulse.example,rg-sim-horizon-3,2026-07-21,14,100.0,In Remediation,nicole.foster@email.com
k8s-cobalt-sta-15,message-bus,https://api-cobalt-15.uksouth.synthetic.invalid,Block,124,artifacts-pulse.example/message-bus/svc-21:r4; registry-meridian.example/message-bus/svc-22:r5; registry-orbit.example/message-bus/svc-00:r6; images-horizon.example/message-bus/svc-01:r7,SYN-2025-031373; SYN-2024-031392; SYN-2026-031411,5,304,331,36,676,Azure-Sim,Staging,SIM-PLATFORM-ALPHA,v1.34.5-sim,Jason Reed,DevSecOps Enablement,westcentralus,containers-vista.example,rg-sim-vertex-4,2026-07-22,14,100.0,In Remediation,jason.reed@email.com
k8s-ember-sta-16,customer-api,https://api-ember-16.japaneast.synthetic.invalid,Audit,19,registry-meridian.example/customer-api/svc-22:r5; registry-orbit.example/customer-api/svc-00:r6; images-horizon.example/customer-api/svc-01:r7; containers-vista.example/customer-api/svc-02:r8,SYN-2025-031510; SYN-2024-031529; SYN-2025-031548; SYN-2025-031567; SYN-2025-031586; SYN-2025-031605,1,17,61,38,117,AWS-Sim,Staging,SIM-DATA-GAMMA,v1.35.6-sim,Emily Sanders,Security Operations,uksouth,images-horizon.example,rg-sim-lighthouse-5,2026-07-23,14,12.5,In Remediation,emily.sanders@email.com
k8s-harbor-sta-17,identity-hub,https://api-harbor-17.northcentralus.synthetic.invalid,Observe,78,registry-orbit.example/identity-hub/svc-00:r6; images-horizon.example/identity-hub/svc-01:r7; containers-vista.example/identity-hub/svc-02:r8,SYN-2024-031647; SYN-2025-031666,8,16,97,26,147,GCP-Sim,Staging,SIM-CORE-EPSILON,v1.36.7-sim,Matthew Clark,Container Engineering,northcentralus,registry-orbit.example,rg-sim-orion-1,2026-07-01,14,38.5,In Remediation,matthew.clark@email.com
k8s-summit-sta-11,policy-engine,https://api-summit-11.westcentralus.synthetic.invalid,Block,31,images-horizon.example/policy-engine/svc-01:r7; containers-vista.example/policy-engine/svc-02:r8; artifacts-pulse.example/policy-engine/svc-03:r9; registry-meridian.example/policy-engine/svc-04:r1,SYN-2026-031784; SYN-2024-031803; SYN-2026-031822; SYN-2025-031841; SYN-2026-031860; SYN-2024-031879,20,16,167,57,260,Azure-Sim,Staging,SIM-PLATFORM-ALPHA,v1.34.1-sim,Rebecca Hayes,Cloud Defense,canadacentral,registry-meridian.example,rg-sim-zenith-2,2026-07-02,7,83.9,Escalated,rebecca.hayes@email.com
k8s-lattice-sta-12,auth-gateway,https://api-lattice-12.canadacentral.synthetic.invalid,Audit,137,containers-vista.example/auth-gateway/svc-02:r8; artifacts-pulse.example/auth-gateway/svc-03:r9; registry-meridian.example/auth-gateway/svc-04:r1,SYN-2024-031921; SYN-2026-031940,3,296,483,238,1020,AWS-Sim,Staging,SIM-DATA-GAMMA,v1.35.2-sim,Jonathan Price,Infrastructure Risk,japaneast,artifacts-pulse.example,rg-sim-horizon-3,2026-07-03,14,100.0,In Remediation,jonathan.price@email.com
k8s-phoenix-sta-13,analytics,https://api-phoenix-13.uksouth.synthetic.invalid,Observe,130,artifacts-pulse.example/analytics/svc-03:r9; registry-meridian.example/analytics/svc-04:r1; registry-orbit.example/analytics/svc-05:r2; images-horizon.example/analytics/svc-06:r3,SYN-2025-032058; SYN-2025-032077; SYN-2025-032096; SYN-2025-032115; SYN-2025-032134; SYN-2025-032153,3,340,192,205,740,GCP-Sim,Staging,SIM-CORE-EPSILON,v1.36.3-sim,Megan Russell,Product Security,westcentralus,containers-vista.example,rg-sim-vertex-4,2026-07-04,14,100.0,In Remediation,megan.russell@email.com
k8s-raven-sta-14,order-stream,https://api-raven-14.japaneast.synthetic.invalid,Block,16,registry-meridian.example/order-stream/svc-04:r1; registry-orbit.example/order-stream/svc-05:r2; images-horizon.example/order-stream/svc-06:r3; containers-vista.example/order-stream/svc-07:r4,SYN-2026-032195; SYN-2025-032214; SYN-2024-032233; SYN-2025-032252,14,9,21,32,76,Azure-Sim,Staging,SIM-PLATFORM-ALPHA,v1.34.4-sim,Steven Ward,Platform Assurance,uksouth,images-horizon.example,rg-sim-lighthouse-5,2026-07-05,7,53.2,Escalated,steven.ward@email.com
k8s-cedar-sta-15,data-pipeline,https://api-cedar-15.northcentralus.synthetic.invalid,Audit,128,registry-orbit.example/data-pipeline/svc-05:r2; images-horizon.example/data-pipeline/svc-06:r3; containers-vista.example/data-pipeline/svc-07:r4; artifacts-pulse.example/data-pipeline/svc-08:r5,SYN-2025-032332; SYN-2026-032351; SYN-2026-032370; SYN-2026-032389; SYN-2026-032408; SYN-2025-032427,0,54,514,56,624,AWS-Sim,Staging,SIM-DATA-GAMMA,v1.35.5-sim,Ashley Coleman,DevSecOps Enablement,northcentralus,registry-orbit.example,rg-sim-orion-1,2026-07-06,30,44.6,Monitoring,ashley.coleman@email.com
k8s-mariner-sta-16,inventory,https://api-mariner-16.westcentralus.synthetic.invalid,Observe,103,images-horizon.example/inventory/svc-06:r3; containers-vista.example/inventory/svc-07:r4; artifacts-pulse.example/inventory/svc-08:r5; registry-meridian.example/inventory/svc-09:r6,SYN-2026-032469; SYN-2025-032488; SYN-2026-032507; SYN-2026-032526; SYN-2025-032545; SYN-2026-032564,4,71,468,129,672,GCP-Sim,Staging,SIM-CORE-EPSILON,v1.36.6-sim,Patrick Murphy,Security Operations,canadacentral,registry-meridian.example,rg-sim-zenith-2,2026-07-07,14,62.2,In Remediation,patrick.murphy@email.com
k8s-atlas-sta-17,payments-core,https://api-atlas-17.canadacentral.synthetic.invalid,Block,72,containers-vista.example/payments-core/svc-07:r4; artifacts-pulse.example/payments-core/svc-08:r5; registry-meridian.example/payments-core/svc-09:r6; registry-orbit.example/payments-core/svc-10:r7,SYN-2026-032606; SYN-2026-032625; SYN-2025-032644; SYN-2025-032663; SYN-2025-032682; SYN-2024-032701,5,54,159,55,273,Azure-Sim,Staging,SIM-PLATFORM-ALPHA,v1.34.7-sim,Lauren Hughes,Container Engineering,japaneast,artifacts-pulse.example,rg-sim-horizon-3,2026-07-08,14,44.4,In Remediation,lauren.hughes@email.com
k8s-cosmos-sta-11,edge-router,https://api-cosmos-11.uksouth.synthetic.invalid,Audit,69,artifacts-pulse.example/edge-router/svc-08:r5; registry-meridian.example/edge-router/svc-09:r6; registry-orbit.example/edge-router/svc-10:r7; images-horizon.example/edge-router/svc-11:r8,SYN-2025-032743; SYN-2024-032762; SYN-2024-032781; SYN-2026-032800; SYN-2024-032819; SYN-2026-032838,9,127,306,42,484,AWS-Sim,Staging,SIM-DATA-GAMMA,v1.35.1-sim,Eric Bailey,Cloud Defense,westcentralus,containers-vista.example,rg-sim-vertex-4,2026-07-09,14,91.2,In Remediation,eric.bailey@email.com
k8s-vantage-sta-12,reporting,https://api-vantage-12.japaneast.synthetic.invalid,Observe,112,registry-meridian.example/reporting/svc-09:r6; registry-orbit.example/reporting/svc-10:r7; images-horizon.example/reporting/svc-11:r8; containers-vista.example/reporting/svc-12:r9,SYN-2026-032880; SYN-2025-032899; SYN-2025-032918; SYN-2024-032937; SYN-2025-032956; SYN-2025-032975,19,267,126,125,537,GCP-Sim,Staging,SIM-CORE-EPSILON,v1.36.2-sim,Brittany Ross,Infrastructure Risk,uksouth,images-horizon.example,rg-sim-lighthouse-5,2026-07-10,7,100.0,Escalated,brittany.ross@email.com
